College,Year,Games,Wins
North Carolina,2016,40,33
Wisconsin,2015,40,36
Michigan,2018,40,33
Texas Tech,2019,38,31
Gonzaga,2017,39,37
Kentucky,2014,40,29
Michigan,2013,38,30
Duke,2015,39,35
Virginia,2019,38,35
North Carolina,2017,39,33
Villanova,2016,40,35
Villanova,2018,40,36
Connecticut,2014,40,32
Louisville,2013,40,35
Louisville,2015,36,27
Notre Dame,2015,38,32
Notre Dame,2016,36,24
Virginia,2016,37,29
Duke,2018,37,29
Florida St.,2018,35,23
Duke,2019,38,32
Purdue,2019,36,26
Kansas,2016,37,32
Kansas,2017,36,31
Kansas St.,2018,37,25
Texas Tech,2018,37,27
Xavier,2017,38,24
Arizona,2015,38,34
Oregon,2016,37,30
Florida,2017,36,27
Kentucky,2017,38,32
Kentucky,2019,37,30
Gonzaga,2015,37,34
Gonzaga,2019,37,33
Arizona,2014,38,33
Michigan,2014,37,28
Michigan St.,2014,38,29
Dayton,2014,37,26
Ohio St.,2013,37,29
Duke,2013,36,30
Marquette,2013,35,26
Florida,2013,37,29
Syracuse,2016,37,23
Michigan St.,2015,39,27
Michigan St.,2019,39,32
Oklahoma,2016,37,29
Kansas,2018,39,31
Loyola Chicago,2018,37,32
Oregon,2017,38,33
Kentucky,2015,39,38
South Carolina,2017,36,26
Auburn,2019,39,30
Florida,2014,39,36
Wisconsin,2014,38,30
Syracuse,2013,40,30
Wichita St.,2013,39,30
Duquesne,2015,30,11
Fordham,2015,30,9
George Mason,2015,30,8
George Washington,2015,35,22
La Salle,2015,33,17
Massachusetts,2015,32,17
Rhode Island,2015,32,22
Richmond,2015,35,21
Saint Joseph's,2015,31,13
Saint Louis,2015,31,10
St. Bonaventure,2015,31,18
Davidson,2016,32,19
Duquesne,2016,33,16
Fordham,2016,30,16
George Mason,2016,32,11
George Washington,2016,38,28
La Salle,2016,30,8
Massachusetts,2016,32,14
Rhode Island,2016,32,17
Richmond,2016,32,16
Saint Louis,2016,32,11
St. Bonaventure,2016,31,22
Davidson,2017,32,17
Duquesne,2017,32,10
Fordham,2017,31,13
George Mason,2017,33,20
George Washington,2017,35,20
La Salle,2017,30,15
Massachusetts,2017,33,15
Richmond,2017,35,22
Saint Joseph's,2017,31,11
Saint Louis,2017,33,12
St. Bonaventure,2017,32,20
Dayton,2018,31,14
Duquesne,2018,32,16
Fordham,2018,31,9
George Mason,2018,33,16
George Washington,2018,33,15
La Salle,2018,32,13
Massachusetts,2018,33,13
Richmond,2018,32,12
Saint Joseph's,2018,32,16
Saint Louis,2018,32,17
VCU,2018,33,18
Davidson,2019,33,24
Dayton,2019,33,21
Duquesne,2019,32,19
Fordham,2019,31,12
George Mason,2019,33,18
George Washington,2019,33,9
La Salle,2019,31,10
Massachusetts,2019,32,11
Rhode Island,2019,33,18
Richmond,2019,33,13
Saint Joseph's,2019,33,14
St. Bonaventure,2019,34,18
Boston College,2015,32,13
Clemson,2015,31,16
Florida St.,2015,33,17
Georgia Tech,2015,31,12
Miami FL,2015,38,25
Pittsburgh,2015,33,18
Syracuse,2015,31,18
Virginia Tech,2015,33,11
Wake Forest,2015,32,13
Boston College,2016,32,7
Clemson,2016,31,17
Florida St.,2016,34,20
Georgia Tech,2016,36,21
Louisville,2016,31,23
North Carolina St.,2016,33,16
Virginia Tech,2016,35,20
Wake Forest,2016,31,11
Boston College,2017,32,9
Clemson,2017,33,17
Georgia Tech,2017,36,21
North Carolina St.,2017,32,15
Pittsburgh,2017,33,16
Syracuse,2017,34,19
Boston College,2018,35,19
Georgia Tech,2018,32,13
Louisville,2018,36,22
Notre Dame,2018,35,21
Pittsburgh,2018,32,8
Wake Forest,2018,31,11
Boston College,2019,31,14
Clemson,2019,34,20
Georgia Tech,2019,32,14
Miami FL,2019,32,14
North Carolina St.,2019,36,24
Notre Dame,2019,33,14
Pittsburgh,2019,33,14
Wake Forest,2019,31,11
Binghamton,2015,30,5
Hartford,2015,29,13
Maine,2015,30,3
New Hampshire,2015,30,17
Stony Brook,2015,33,21
UMass Lowell,2015,28,11
UMBC,2015,30,4
Vermont,2015,33,19
Albany,2016,32,23
Binghamton,2016,30,8
Hartford,2016,32,9
Maine,2016,30,8
New Hampshire,2016,31,18
UMass Lowell,2016,28,10
UMBC,2016,32,7
Vermont,2016,36,22
Albany,2017,34,21
Binghamton,2017,29,12
Hartford,2017,32,9
Maine,2017,31,7
New Hampshire,2017,29,20
Stony Brook,2017,32,18
UMass Lowell,2017,30,11
UMBC,2017,32,21
Albany,2018,31,22
Binghamton,2018,29,11
Hartford,2018,32,19
Maine,2018,30,6
New Hampshire,2018,29,10
Stony Brook,2018,31,13
UMass Lowell,2018,29,12
Vermont,2018,34,27
Albany,2019,31,12
Binghamton,2019,31,10
Hartford,2019,32,18
Maine,2019,31,5
New Hampshire,2019,27,5
Stony Brook,2019,32,24
UMass Lowell,2019,30,15
UMBC,2019,31,21
Connecticut,2015,35,20
East Carolina,2015,31,12
Houston,2015,32,13
Memphis,2015,32,18
South Florida,2015,31,8
Temple,2015,37,26
Tulane,2015,30,14
Tulsa,2015,33,23
UCF,2015,29,11
East Carolina,2016,32,12
Houston,2016,32,22
Memphis,2016,34,19
SMU,2016,30,25
South Florida,2016,33,8
Tulane,2016,34,13
UCF,2016,30,12
Connecticut,2017,32,16
East Carolina,2017,33,15
Houston,2017,32,22
Memphis,2017,32,19
South Florida,2017,30,7
Temple,2017,32,16
Tulane,2017,31,6
Tulsa,2017,32,15
UCF,2017,36,24
Connecticut,2018,32,14
East Carolina,2018,30,10
Memphis,2018,34,21
SMU,2018,33,17
South Florida,2018,32,10
Temple,2018,33,17
Tulane,2018,31,14
Tulsa,2018,31,19
UCF,2018,32,19
Connecticut,2019,33,16
East Carolina,2019,31,10
Memphis,2019,36,22
SMU,2019,32,15
South Florida,2019,37,24
Tulane,2019,31,4
Tulsa,2019,32,18
Wichita St.,2019,37,22
Florida Gulf Coast,2015,30,19
Jacksonville,2015,29,7
Kennesaw St.,2015,30,8
Lipscomb,2015,28,11
Northern Kentucky,2015,28,11
Stetson,2015,28,6
USC Upstate,2015,32,20
Jacksonville,2016,28,12
Kennesaw St.,2016,29,9
Lipscomb,2016,31,10
NJIT,2016,34,19
North Florida,2016,31,19
Stetson,2016,30,8
USC Upstate,2016,28,7
Jacksonville,2017,29,17
Kennesaw St.,2017,30,14
Lipscomb,2017,30,20
NJIT,2017,29,11
North Florida,2017,30,15
Stetson,2017,29,11
USC Upstate,2017,29,17
Florida Gulf Coast,2018,32,23
Jacksonville,2018,29,15
Kennesaw St.,2018,28,10
NJIT,2018,28,14
North Florida,2018,30,14
Stetson,2018,28,12
USC Upstate,2018,28,7
Florida Gulf Coast,2019,30,14
Jacksonville,2019,30,12
Kennesaw St.,2019,30,5
Lipscomb,2019,35,29
NJIT,2019,34,22
North Alabama,2019,29,10
North Florida,2019,31,16
Stetson,2019,29,7
Illinois,2015,33,19
Michigan,2015,31,15
Minnesota,2015,32,17
Nebraska,2015,31,13
Northwestern,2015,32,15
Penn St.,2015,34,18
Rutgers,2015,32,10
Illinois,2016,34,15
Minnesota,2016,31,8
Nebraska,2016,34,16
Northwestern,2016,32,20
Ohio St.,2016,35,21
Penn St.,2016,32,16
Rutgers,2016,31,6
Illinois,2017,34,20
Indiana,2017,34,18
Iowa,2017,34,19
Nebraska,2017,30,12
Ohio St.,2017,32,17
Penn St.,2017,33,15
Rutgers,2017,32,15
Illinois,2018,31,14
Indiana,2018,31,16
Iowa,2018,33,14
Maryland,2018,31,19
Minnesota,2018,32,15
Nebraska,2018,33,22
Northwestern,2018,31,15
Penn St.,2018,39,26
Rutgers,2018,33,15
Wisconsin,2018,33,15
Illinois,2019,33,12
Indiana,2019,35,19
Nebraska,2019,35,19
Northwestern,2019,32,13
Penn St.,2019,32,14
Rutgers,2019,31,14
Kansas St.,2015,32,15
TCU,2015,33,18
Texas Tech,2015,32,13
Kansas St.,2016,33,17
Oklahoma St.,2016,32,10
TCU,2016,33,12
Oklahoma,2017,31,11
TCU,2017,38,24
Texas,2017,33,11
Texas Tech,2017,32,18
Baylor,2018,33,19
Iowa St.,2018,31,13
Oklahoma St.,2018,36,21
Oklahoma St.,2019,32,12
TCU,2019,37,23
Texas,2019,37,21
West Virginia,2019,36,15
Creighton,2015,33,14
DePaul,2015,32,12
Marquette,2015,32,13
Seton Hall,2015,31,16
Creighton,2016,35,20
DePaul,2016,31,9
Georgetown,2016,33,15
Marquette,2016,33,20
St. John's,2016,31,7
DePaul,2017,32,9
Georgetown,2017,32,14
St. John's,2017,33,14
DePaul,2018,31,11
Georgetown,2018,30,15
Marquette,2018,35,21
St. John's,2018,32,16
Butler,2019,33,16
Creighton,2019,34,20
DePaul,2019,36,19
Georgetown,2019,33,19
Providence,2019,34,18
Xavier,2019,35,19
Idaho,2015,28,11
Idaho St.,2015,28,5
Montana,2015,31,18
Montana St.,2015,29,6
North Dakota,2015,28,6
Northern Arizona,2015,37,22
Northern Colorado,2015,28,13
Portland St.,2015,27,13
Sacramento St.,2015,31,19
Southern Utah,2015,28,9
Weber St.,2015,28,11
Eastern Washington,2016,32,16
Idaho,2016,32,19
Idaho St.,2016,29,14
Montana,2016,30,18
Montana St.,2016,30,13
North Dakota,2016,30,14
Northern Arizona,2016,28,3
Northern Colorado,2016,29,8
Portland St.,2016,29,11
Sacramento St.,2016,29,12
Southern Utah,2016,28,4
Eastern Washington,2017,32,22
Idaho,2017,31,19
Idaho St.,2017,30,6
Montana,2017,32,16
Montana St.,2017,30,16
Northern Arizona,2017,31,9
Northern Colorado,2017,27,11
Portland St.,2017,28,15
Sacramento St.,2017,29,13
Southern Utah,2017,31,6
Weber St.,2017,32,20
Eastern Washington,2018,33,20
Idaho,2018,29,22
Idaho St.,2018,28,14
Montana St.,2018,30,13
North Dakota,2018,30,12
Northern Arizona,2018,30,5
Northern Colorado,2018,35,26
Portland St.,2018,31,20
Sacramento St.,2018,30,7
Southern Utah,2018,30,13
Weber St.,2018,28,20
Eastern Washington,2019,33,16
Idaho,2019,29,5
Idaho St.,2019,28,11
Montana St.,2019,31,15
North Dakota,2019,26,12
Northern Arizona,2019,31,10
Northern Colorado,2019,30,21
Portland St.,2019,29,16
Sacramento St.,2019,28,15
Southern Utah,2019,32,17
Weber St.,2019,31,18
Campbell,2015,29,7
Charleston Southern,2015,28,16
Gardner Webb,2015,31,16
High Point,2015,30,20
Liberty,2015,28,4
Longwood,2015,32,9
Presbyterian,2015,28,6
Radford,2015,31,19
UNC Asheville,2015,28,12
Winthrop,2015,29,16
Campbell,2016,27,9
Charleston Southern,2016,27,6
Coastal Carolina,2016,30,18
Gardner Webb,2016,30,14
High Point,2016,29,18
Liberty,2016,29,10
Longwood,2016,30,7
Presbyterian,2016,28,8
Radford,2016,29,14
Winthrop,2016,29,20
Campbell,2017,34,19
Charleston Southern,2017,28,12
Gardner Webb,2017,30,19
High Point,2017,28,15
Liberty,2017,32,21
Longwood,2017,28,6
Presbyterian,2017,28,5
Radford,2017,30,14
UNC Asheville,2017,31,23
Campbell,2018,31,18
Charleston Southern,2018,28,15
Gardner Webb,2018,29,14
High Point,2018,27,14
Liberty,2018,34,22
Longwood,2018,30,7
Presbyterian,2018,29,11
UNC Asheville,2018,32,21
Winthrop,2018,28,19
Campbell,2019,30,20
Charleston Southern,2019,30,18
Hampton,2019,32,18
High Point,2019,29,16
Longwood,2019,31,16
Presbyterian,2019,33,20
Radford,2019,30,22
UNC Asheville,2019,28,4
USC Upstate,2019,29,5
Winthrop,2019,27,18
Cal Poly,2015,27,11
Cal St. Fullerton,2015,29,7
Cal St. Northridge,2015,31,7
Hawaii,2015,33,20
Long Beach St.,2015,31,14
UC Davis,2015,30,23
UC Riverside,2015,29,12
UC Santa Barbara,2015,31,17
Cal Poly,2016,28,8
Cal St. Fullerton,2016,28,8
Cal St. Northridge,2016,28,8
Long Beach St.,2016,33,18
UC Davis,2016,28,9
UC Irvine,2016,36,26
UC Riverside,2016,31,12
UC Santa Barbara,2016,32,18
Cal Poly,2017,29,11
Cal St. Fullerton,2017,30,17
Cal St. Northridge,2017,28,11
Hawaii,2017,29,14
Long Beach St.,2017,32,15
UC Irvine,2017,34,21
UC Riverside,2017,27,8
UC Santa Barbara,2017,27,6
Cal Poly,2018,29,9
Cal St. Northridge,2018,28,6
Hawaii,2018,28,17
Long Beach St.,2018,31,15
UC Davis,2018,31,22
UC Irvine,2018,33,18
UC Riverside,2018,29,9
UC Santa Barbara,2018,30,23
Cal Poly,2019,27,6
Cal St. Fullerton,2019,32,16
Cal St. Northridge,2019,33,13
Hawaii,2019,29,18
Long Beach St.,2019,32,15
UC Davis,2019,29,11
UC Riverside,2019,30,10
UC Santa Barbara,2019,30,22
College of Charleston,2015,33,9
Delaware,2015,30,10
Drexel,2015,29,11
Elon,2015,31,13
Hofstra,2015,34,20
James Madison,2015,33,19
Towson,2015,31,11
UNC Wilmington,2015,31,17
William & Mary,2015,31,18
College of Charleston,2016,30,16
Delaware,2016,30,7
Drexel,2016,30,6
Elon,2016,30,14
Hofstra,2016,33,23
James Madison,2016,31,20
Northeastern,2016,32,17
Towson,2016,31,18
William & Mary,2016,29,18
College of Charleston,2017,34,25
Delaware,2017,31,13
Drexel,2017,31,9
Elon,2017,30,18
Hofstra,2017,31,15
James Madison,2017,32,10
Northeastern,2017,31,15
Towson,2017,32,20
William & Mary,2017,29,17
Delaware,2018,31,14
Drexel,2018,32,13
Elon,2018,30,14
Hofstra,2018,30,19
James Madison,2018,31,10
Northeastern,2018,32,23
Towson,2018,30,18
UNC Wilmington,2018,30,11
William & Mary,2018,29,19
College of Charleston,2019,32,24
Delaware,2019,31,17
Drexel,2019,31,13
Elon,2019,30,11
Hofstra,2019,34,27
James Madison,2019,31,14
Towson,2019,31,10
UNC Wilmington,2019,32,10
William & Mary,2019,30,14
Charlotte,2015,32,14
FIU,2015,31,14
Florida Atlantic,2015,27,7
Louisiana Tech,2015,35,26
Marshall,2015,30,9
Middle Tennessee,2015,35,18
North Texas,2015,29,12
Old Dominion,2015,35,27
Rice,2015,29,10
Southern Miss,2015,27,7
UTEP,2015,33,22
UTSA,2015,28,12
Western Kentucky,2015,30,18
Charlotte,2016,33,14
FIU,2016,30,11
Florida Atlantic,2016,31,7
Louisiana Tech,2016,31,21
Marshall,2016,33,17
North Texas,2016,30,10
Old Dominion,2016,38,25
Rice,2016,30,10
Southern Miss,2016,27,7
UAB,2016,32,25
UTEP,2016,32,18
UTSA,2016,30,4
Western Kentucky,2016,32,16
Charlotte,2017,29,13
FIU,2017,29,7
Florida Atlantic,2017,28,10
Louisiana Tech,2017,31,23
Marshall,2017,34,20
North Texas,2017,28,8
Old Dominion,2017,31,19
Rice,2017,33,23
Southern Miss,2017,29,9
UAB,2017,32,17
UTEP,2017,31,15
UTSA,2017,31,14
Western Kentucky,2017,32,15
Charlotte,2018,28,6
FIU,2018,29,14
Florida Atlantic,2018,28,12
Louisiana Tech,2018,31,17
Middle Tennessee,2018,32,25
North Texas,2018,36,20
Old Dominion,2018,32,25
Rice,2018,29,7
Southern Miss,2018,30,16
UAB,2018,31,20
UTEP,2018,30,11
UTSA,2018,32,20
Western Kentucky,2018,37,27
Charlotte,2019,29,8
FIU,2019,30,20
Florida Atlantic,2019,30,17
Louisiana Tech,2019,31,20
Marshall,2019,37,23
Middle Tennessee,2019,30,11
North Texas,2019,30,21
Rice,2019,30,13
Southern Miss,2019,29,20
UAB,2019,33,20
UTEP,2019,27,8
UTSA,2019,28,17
Western Kentucky,2019,34,20
Cleveland St.,2015,32,17
Detroit,2015,31,13
Green Bay,2015,31,22
Illinois Chicago,2015,32,8
Milwaukee,2015,28,12
Oakland,2015,31,14
Wright St.,2015,29,9
Youngstown St.,2015,29,8
Cleveland St.,2016,30,7
Detroit,2016,29,14
Illinois Chicago,2016,28,3
Milwaukee,2016,31,18
Northern Kentucky,2016,28,7
Oakland,2016,35,23
Valparaiso,2016,35,28
Wright St.,2016,33,20
Youngstown St.,2016,30,9
Cleveland St.,2017,30,9
Detroit,2017,30,8
Green Bay,2017,30,18
Illinois Chicago,2017,34,17
Milwaukee,2017,34,11
Oakland,2017,32,25
Valparaiso,2017,32,24
Wright St.,2017,30,20
Youngstown St.,2017,32,13
Cleveland St.,2018,34,12
Detroit,2018,30,8
Green Bay,2018,30,13
Illinois Chicago,2018,34,20
IUPUI,2018,28,11
Milwaukee,2018,31,16
Northern Kentucky,2018,30,22
Oakland,2018,33,19
Youngstown St.,2018,30,8
Cleveland St.,2019,29,10
Detroit,2019,31,11
Green Bay,2019,36,21
Illinois Chicago,2019,30,16
IUPUI,2019,31,16
Milwaukee,2019,30,9
Oakland,2019,32,16
Wright St.,2019,33,21
Youngstown St.,2019,30,12
NJIT,2015,29,17
Brown,2015,29,11
Columbia,2015,27,12
Cornell,2015,29,12
Dartmouth,2015,29,14
Penn,2015,28,9
Princeton,2015,29,15
Yale,2015,30,20
Brown,2016,27,7
Columbia,2016,33,23
Cornell,2016,27,9
Dartmouth,2016,27,9
Harvard,2016,28,12
Penn,2016,27,10
Princeton,2016,28,21
Brown,2017,28,13
Columbia,2017,26,11
Cornell,2017,28,8
Dartmouth,2017,27,7
Harvard,2017,26,18
Penn,2017,28,13
Yale,2017,28,18
Brown,2018,26,11
Columbia,2018,26,8
Cornell,2018,27,12
Dartmouth,2018,26,7
Harvard,2018,31,18
Princeton,2018,28,13
Yale,2018,30,16
Brown,2019,30,20
Columbia,2019,26,10
Cornell,2019,29,15
Dartmouth,2019,28,11
Harvard,2019,30,19
Penn,2019,30,19
Princeton,2019,26,16
Canisius,2015,33,18
Fairfield,2015,31,7
Iona,2015,35,26
Marist,2015,32,7
Monmouth,2015,33,18
Niagara,2015,30,8
Quinnipiac,2015,30,15
Rider,2015,33,21
Saint Peter's,2015,34,16
Siena,2015,31,11
Canisius,2016,33,14
Fairfield,2016,33,19
Manhattan,2016,31,13
Marist,2016,30,7
Monmouth,2016,36,28
Niagara,2016,32,7
Quinnipiac,2016,30,9
Rider,2016,33,13
Saint Peter's,2016,30,14
Siena,2016,34,21
Canisius,2017,34,18
Fairfield,2017,31,16
Manhattan,2017,32,10
Marist,2017,32,8
Monmouth,2017,34,27
Niagara,2017,33,10
Quinnipiac,2017,31,10
Rider,2017,33,18
Saint Peter's,2017,36,23
Siena,2017,34,17
Canisius,2018,33,21
Fairfield,2018,33,17
Manhattan,2018,31,14
Marist,2018,31,6
Monmouth,2018,31,11
Niagara,2018,33,19
Quinnipiac,2018,33,12
Rider,2018,32,22
Saint Peter's,2018,32,14
Siena,2018,32,8
Canisius,2019,32,15
Fairfield,2019,31,9
Manhattan,2019,32,11
Marist,2019,31,12
Monmouth,2019,35,14
Niagara,2019,32,13
Quinnipiac,2019,31,16
Rider,2019,31,16
Saint Peter's,2019,32,10
Siena,2019,33,17
Akron,2015,34,20
Ball St.,2015,29,6
Bowling Green,2015,32,21
Central Michigan,2015,29,20
Eastern Michigan,2015,31,17
Kent St.,2015,34,22
Miami OH,2015,31,12
Northern Illinois,2015,29,13
Ohio,2015,30,10
Toledo,2015,33,20
Western Michigan,2015,32,18
Akron,2016,34,25
Ball St.,2016,34,20
Bowling Green,2016,32,14
Central Michigan,2016,30,14
Eastern Michigan,2016,29,14
Kent St.,2016,31,18
Miami OH,2016,32,12
Northern Illinois,2016,30,17
Ohio,2016,34,22
Toledo,2016,31,16
Western Michigan,2016,30,11
Akron,2017,35,27
Ball St.,2017,33,21
Bowling Green,2017,31,13
Buffalo,2017,30,17
Central Michigan,2017,30,16
Eastern Michigan,2017,29,16
Miami OH,2017,30,11
Northern Illinois,2017,29,15
Ohio,2017,30,20
Toledo,2017,33,17
Western Michigan,2017,31,16
Akron,2018,31,14
Ball St.,2018,31,19
Bowling Green,2018,30,16
Central Michigan,2018,33,21
Eastern Michigan,2018,31,22
Kent St.,2018,33,17
Miami OH,2018,32,16
Northern Illinois,2018,30,12
Ohio,2018,30,14
Toledo,2018,33,23
Western Michigan,2018,30,17
Akron,2019,31,17
Ball St.,2019,32,16
Bowling Green,2019,32,22
Central Michigan,2019,32,23
Eastern Michigan,2019,28,15
Kent St.,2019,31,22
Miami OH,2019,30,15
Northern Illinois,2019,32,17
Ohio,2019,30,14
Toledo,2019,32,25
Western Michigan,2019,31,8
Bethune Cookman,2015,30,9
Coppin St.,2015,30,7
Delaware St.,2015,34,16
Florida A&M,2015,29,2
Howard,2015,29,13
Maryland Eastern Shore,2015,33,18
Morgan St.,2015,31,7
Norfolk St.,2015,32,18
North Carolina A&T,2015,30,7
North Carolina Central,2015,30,22
Savannah St.,2015,29,7
South Carolina St.,2015,31,9
Bethune Cookman,2016,30,12
Coppin St.,2016,29,7
Delaware St.,2016,30,5
Florida A&M,2016,27,6
Howard,2016,30,10
Maryland Eastern Shore,2016,31,9
Morgan St.,2016,30,8
Norfolk St.,2016,32,15
North Carolina A&T,2016,31,10
North Carolina Central,2016,29,10
Savannah St.,2016,30,14
South Carolina St.,2016,32,17
Bethune Cookman,2017,30,10
Coppin St.,2017,30,8
Delaware St.,2017,30,10
Florida A&M,2017,28,7
Hampton,2017,29,14
Howard,2017,32,10
Maryland Eastern Shore,2017,32,14
Morgan St.,2017,29,14
Norfolk St.,2017,32,17
North Carolina A&T,2017,30,3
Savannah St.,2017,27,13
South Carolina St.,2017,29,11
Bethune Cookman,2018,30,18
Coppin St.,2018,32,5
Delaware St.,2018,30,4
Florida A&M,2018,33,9
Hampton,2018,32,19
Howard,2018,31,10
Maryland Eastern Shore,2018,30,7
Morgan St.,2018,30,13
Norfolk St.,2018,30,14
North Carolina A&T,2018,33,20
Savannah St.,2018,30,15
South Carolina St.,2018,30,10
Bethune Cookman,2019,29,14
Coppin St.,2019,33,8
Delaware St.,2019,29,6
Florida A&M,2019,29,12
Howard,2019,31,17
Maryland Eastern Shore,2019,30,7
Morgan St.,2019,28,9
Norfolk St.,2019,33,22
North Carolina A&T,2019,30,19
Savannah St.,2019,30,11
South Carolina St.,2019,32,8
Bradley,2015,32,8
Drake,2015,30,8
Evansville,2015,35,23
Illinois St.,2015,34,21
Indiana St.,2015,30,14
Loyola Chicago,2015,35,22
Missouri St.,2015,29,9
Southern Illinois,2015,32,11
Bradley,2016,31,4
Drake,2016,30,6
Evansville,2016,33,24
Illinois St.,2016,31,17
Indiana St.,2016,31,14
Loyola Chicago,2016,31,14
Missouri St.,2016,31,12
Southern Illinois,2016,32,22
Bradley,2017,32,13
Drake,2017,29,7
Evansville,2017,31,16
Illinois St.,2017,34,28
Indiana St.,2017,30,11
Loyola Chicago,2017,30,18
Missouri St.,2017,32,17
Northern Iowa,2017,29,14
Southern Illinois,2017,32,17
Bradley,2018,32,20
Drake,2018,33,17
Evansville,2018,30,17
Illinois St.,2018,32,18
Indiana St.,2018,29,13
Missouri St.,2018,32,18
Northern Iowa,2018,30,16
Southern Illinois,2018,32,20
Valparaiso,2018,30,15
Drake,2019,32,24
Evansville,2019,30,11
Illinois St.,2019,32,17
Indiana St.,2019,29,15
Loyola Chicago,2019,33,20
Missouri St.,2019,31,16
Northern Iowa,2019,32,16
Southern Illinois,2019,32,17
Valparaiso,2019,31,15
Air Force,2015,29,12
Colorado St.,2015,33,26
Fresno St.,2015,30,13
Nevada,2015,29,7
New Mexico,2015,31,15
San Jose St.,2015,28,0
UNLV,2015,32,17
Utah St.,2015,30,17
Air Force,2016,30,12
Boise St.,2016,30,18
Colorado St.,2016,32,16
Nevada,2016,36,22
New Mexico,2016,32,17
San Diego St.,2016,36,26
San Jose St.,2016,28,6
UNLV,2016,31,16
Utah St.,2016,29,14
Wyoming,2016,30,12
Air Force,2017,31,12
Boise St.,2017,31,20
Colorado St.,2017,34,24
Fresno St.,2017,31,20
New Mexico,2017,31,17
San Diego St.,2017,32,19
San Jose St.,2017,28,14
UNLV,2017,32,11
Utah St.,2017,30,15
Wyoming,2017,36,23
Air Force,2018,29,12
Boise St.,2018,31,23
Colorado St.,2018,31,11
Fresno St.,2018,30,21
New Mexico,2018,33,19
San Jose St.,2018,29,4
UNLV,2018,33,20
Utah St.,2018,33,17
Wyoming,2018,32,20
Air Force,2019,31,14
Boise St.,2019,32,13
Colorado St.,2019,31,12
Fresno St.,2019,31,23
New Mexico,2019,31,14
San Diego St.,2019,33,21
San Jose St.,2019,30,4
UNLV,2019,31,17
Wyoming,2019,31,8
Bryant,2015,31,16
Central Connecticut,2015,31,5
Fairleigh Dickinson,2015,28,7
LIU Brooklyn,2015,30,12
Mount St. Mary's,2015,30,15
Sacred Heart,2015,31,14
St. Francis NY,2015,34,22
St. Francis PA,2015,31,15
Wagner,2015,29,9
Bryant,2016,30,7
Central Connecticut,2016,29,4
LIU Brooklyn,2016,31,16
Mount St. Mary's,2016,33,14
Robert Morris,2016,32,10
Sacred Heart,2016,30,12
St. Francis NY,2016,31,14
St. Francis PA,2016,29,12
Wagner,2016,33,22
Bryant,2017,31,12
Central Connecticut,2017,29,6
Fairleigh Dickinson,2017,29,11
LIU Brooklyn,2017,31,20
Robert Morris,2017,33,14
Sacred Heart,2017,32,13
St. Francis NY,2017,30,4
St. Francis PA,2017,33,17
Wagner,2017,29,16
Bryant,2018,31,3
Central Connecticut,2018,32,14
Fairleigh Dickinson,2018,29,13
Mount St. Mary's,2018,30,18
Robert Morris,2018,33,16
Sacred Heart,2018,30,10
St. Francis NY,2018,29,13
St. Francis PA,2018,29,18
Wagner,2018,31,23
Bryant,2019,30,10
Central Connecticut,2019,29,11
LIU Brooklyn,2019,31,16
Mount St. Mary's,2019,29,9
Robert Morris,2019,33,18
Sacred Heart,2019,31,15
St. Francis NY,2019,31,17
St. Francis PA,2019,31,18
Wagner,2019,28,13
Austin Peay,2015,28,6
Eastern Illinois,2015,31,16
Eastern Kentucky,2015,31,19
Jacksonville St.,2015,29,10
Morehead St.,2015,32,15
Murray St.,2015,33,27
SIU Edwardsville,2015,26,10
Southeast Missouri St.,2015,28,11
Tennessee Martin,2015,32,19
Tennessee St.,2015,29,3
Tennessee Tech,2015,28,10
Belmont,2016,31,19
Eastern Illinois,2016,28,11
Eastern Kentucky,2016,30,14
Jacksonville St.,2016,29,7
Morehead St.,2016,35,21
Murray St.,2016,29,15
SIU Edwardsville,2016,28,6
Southeast Missouri St.,2016,27,3
Tennessee Martin,2016,33,18
Tennessee St.,2016,29,18
Tennessee Tech,2016,29,17
Austin Peay,2017,28,11
Belmont,2017,29,23
Eastern Illinois,2017,27,14
Eastern Kentucky,2017,29,12
Morehead St.,2017,28,14
Murray St.,2017,31,16
SIU Edwardsville,2017,28,6
Southeast Missouri St.,2017,31,15
Tennessee Martin,2017,33,22
Tennessee St.,2017,28,17
Tennessee Tech,2017,30,12
Austin Peay,2018,32,19
Belmont,2018,33,24
Eastern Illinois,2018,29,12
Eastern Kentucky,2018,29,11
Jacksonville St.,2018,35,23
Morehead St.,2018,27,8
SIU Edwardsville,2018,30,9
Southeast Missouri St.,2018,29,14
Tennessee Martin,2018,29,10
Tennessee St.,2018,28,15
Tennessee Tech,2018,31,19
Austin Peay,2019,31,22
Eastern Illinois,2019,31,14
Eastern Kentucky,2019,29,13
Jacksonville St.,2019,31,24
Morehead St.,2019,31,13
SIU Edwardsville,2019,29,10
Southeast Missouri St.,2019,29,10
Tennessee Martin,2019,29,12
Tennessee St.,2019,28,9
Tennessee Tech,2019,29,8
Arizona St.,2015,34,18
California,2015,33,18
Colorado,2015,34,16
Oregon St.,2015,30,16
Stanford,2015,37,24
USC,2015,32,12
Washington,2015,31,16
Washington St.,2015,31,13
Arizona St.,2016,32,15
Stanford,2016,29,14
UCLA,2016,32,15
Washington,2016,34,19
Washington St.,2016,30,8
Arizona St.,2017,33,15
California,2017,34,21
Colorado,2017,33,19
Oregon St.,2017,31,5
Stanford,2017,30,14
Utah,2017,30,20
Washington,2017,31,9
Washington St.,2017,30,13
California,2018,31,8
Colorado,2018,32,17
Oregon,2018,36,23
Oregon St.,2018,32,16
Stanford,2018,35,19
USC,2018,36,24
Utah,2018,35,23
Washington,2018,34,21
Washington St.,2018,31,12
Arizona,2019,32,17
California,2019,31,8
Colorado,2019,36,23
Oregon St.,2019,31,18
Stanford,2019,31,15
UCLA,2019,33,17
USC,2019,33,16
Utah,2019,31,17
Washington St.,2019,32,11
American,2015,33,17
Army,2015,29,14
Boston University,2015,29,12
Bucknell,2015,33,18
Colgate,2015,32,15
Holy Cross,2015,29,13
Lehigh,2015,29,15
Loyola MD,2015,30,11
Navy,2015,31,12
American,2016,31,12
Army,2016,32,18
Boston University,2016,33,18
Bucknell,2016,30,16
Colgate,2016,29,12
Lafayette,2016,30,6
Lehigh,2016,31,16
Loyola MD,2016,30,9
Navy,2016,32,18
American,2017,30,8
Army,2017,31,13
Boston University,2017,31,18
Colgate,2017,31,10
Holy Cross,2017,32,15
Lafayette,2017,29,9
Lehigh,2017,31,20
Loyola MD,2017,32,16
Navy,2017,31,16
American,2018,30,6
Army,2018,29,13
Boston University,2018,30,15
Colgate,2018,32,19
Holy Cross,2018,31,12
Lafayette,2018,30,10
Lehigh,2018,29,16
Loyola MD,2018,30,9
Navy,2018,31,20
American,2019,30,15
Army,2019,31,13
Boston University,2019,32,15
Bucknell,2019,33,21
Holy Cross,2019,33,16
Lafayette,2019,29,10
Lehigh,2019,31,20
Loyola MD,2019,32,11
Navy,2019,31,12
Appalachian St.,2015,29,12
Arkansas Little Rock,2015,30,12
Arkansas St.,2015,28,10
Georgia Southern,2015,28,19
Louisiana Lafayette,2015,33,19
Louisiana Monroe,2015,34,20
South Alabama,2015,31,10
Texas St.,2015,28,11
Troy,2015,27,8
UT Arlington,2015,30,15
Appalachian St.,2016,31,9
Arkansas St.,2016,29,9
Georgia Southern,2016,29,12
Georgia St.,2016,28,14
Louisiana Lafayette,2016,32,17
Louisiana Monroe,2016,32,18
South Alabama,2016,31,12
Texas St.,2016,29,13
Troy,2016,29,8
UT Arlington,2016,34,23
Appalachian St.,2017,28,9
Arkansas St.,2017,31,20
Coastal Carolina,2017,37,20
Georgia Southern,2017,31,18
Georgia St.,2017,31,20
Little Rock,2017,30,15
Louisiana Lafayette,2017,31,21
Louisiana Monroe,2017,31,9
South Alabama,2017,30,14
Texas St.,2017,34,22
UT Arlington,2017,34,27
Appalachian St.,2018,31,15
Arkansas St.,2018,30,11
Coastal Carolina,2018,29,14
Georgia Southern,2018,31,21
Little Rock,2018,30,7
Louisiana Lafayette,2018,32,27
Louisiana Monroe,2018,29,16
South Alabama,2018,30,14
Texas St.,2018,31,15
Troy,2018,31,16
UT Arlington,2018,33,21
Appalachian St.,2019,29,11
Arkansas St.,2019,30,13
Coastal Carolina,2019,32,17
Georgia Southern,2019,31,21
Little Rock,2019,29,10
Louisiana Lafayette,2019,30,19
Louisiana Monroe,2019,34,19
South Alabama,2019,32,17
Texas St.,2019,32,24
Troy,2019,28,12
UT Arlington,2019,32,17
Chattanooga,2015,30,20
East Tennessee St.,2015,28,14
Furman,2015,31,9
Mercer,2015,33,17
Samford,2015,31,12
The Citadel,2015,27,8
UNC Greensboro,2015,30,8
VMI,2015,28,9
Western Carolina,2015,30,13
East Tennessee St.,2016,34,22
Furman,2016,33,17
Mercer,2016,32,16
Samford,2016,31,11
The Citadel,2016,29,7
UNC Greensboro,2016,31,12
VMI,2016,27,6
Western Carolina,2016,31,13
Wofford,2016,30,13
Chattanooga,2017,29,19
Furman,2017,33,23
Mercer,2017,30,15
Samford,2017,34,20
The Citadel,2017,30,12
UNC Greensboro,2017,32,25
VMI,2017,28,6
Western Carolina,2017,30,9
Wofford,2017,30,16
Chattanooga,2018,31,10
East Tennessee St.,2018,32,25
Furman,2018,31,23
Mercer,2018,32,19
Samford,2018,30,10
The Citadel,2018,29,11
VMI,2018,28,9
Western Carolina,2018,30,12
Wofford,2018,31,21
Chattanooga,2019,29,12
East Tennessee St.,2019,32,24
Furman,2019,30,25
Mercer,2019,29,11
Samford,2019,32,17
The Citadel,2019,27,12
UNC Greensboro,2019,34,29
VMI,2019,29,11
Western Carolina,2019,31,7
Alabama,2015,33,18
Auburn,2015,34,14
Florida,2015,33,16
Mississippi St.,2015,31,12
Missouri,2015,31,8
South Carolina,2015,32,16
Tennessee,2015,32,16
Texas A&M,2015,33,21
Vanderbilt,2015,34,20
Alabama,2016,33,18
Arkansas,2016,32,16
Auburn,2016,31,11
Florida,2016,36,21
Georgia,2016,34,20
LSU,2016,33,19
Mississippi,2016,32,20
Mississippi St.,2016,31,14
Missouri,2016,31,10
South Carolina,2016,33,24
Tennessee,2016,34,15
Alabama,2017,34,19
Auburn,2017,32,18
Georgia,2017,33,19
LSU,2017,31,10
Mississippi,2017,36,22
Mississippi St.,2017,32,16
Missouri,2017,32,8
Tennessee,2017,31,16
Texas A&M,2017,31,16
Georgia,2018,33,18
LSU,2018,33,18
Mississippi,2018,32,12
Mississippi St.,2018,36,25
South Carolina,2018,32,17
Vanderbilt,2018,32,12
Alabama,2019,34,18
Arkansas,2019,34,18
Georgia,2019,32,11
Missouri,2019,32,15
South Carolina,2019,31,16
Texas A&M,2019,32,14
Vanderbilt,2019,32,9
Abilene Christian,2015,28,7
Central Arkansas,2015,29,2
Houston Baptist,2015,24,8
Incarnate Word,2015,25,14
Lamar,2015,26,11
McNeese St.,2015,27,11
New Orleans,2015,26,8
Nicholls St.,2015,26,7
Northwestern St.,2015,28,15
Sam Houston St.,2015,31,22
Southeastern Louisiana,2015,31,8
Texas A&M Corpus Chris,2015,32,18
Abilene Christian,2016,27,9
Central Arkansas,2016,28,7
Houston Baptist,2016,30,13
Incarnate Word,2016,25,14
Lamar,2016,26,7
McNeese St.,2016,26,7
New Orleans,2016,27,7
Nicholls St.,2016,31,8
Northwestern St.,2016,24,5
Sam Houston St.,2016,30,15
Southeastern Louisiana,2016,31,10
Texas A&M Corpus Chris,2016,31,23
Abilene Christian,2017,25,13
Central Arkansas,2017,32,8
Houston Baptist,2017,27,17
Incarnate Word,2017,25,12
Lamar,2017,30,19
McNeese St.,2017,26,7
Nicholls St.,2017,27,14
Northwestern St.,2017,25,13
Sam Houston St.,2017,30,21
Southeastern Louisiana,2017,30,16
Stephen F. Austin,2017,30,18
Texas A&M Corpus Chris,2017,33,24
Abilene Christian,2018,28,16
Central Arkansas,2018,34,18
Houston Baptist,2018,28,6
Incarnate Word,2018,24,7
Lamar,2018,29,19
McNeese St.,2018,25,12
New Orleans,2018,30,16
Nicholls St.,2018,28,21
Northwestern St.,2018,25,4
Sam Houston St.,2018,32,21
Southeastern Louisiana,2018,31,22
Texas A&M Corpus Chris,2018,26,11
Central Arkansas,2019,30,14
Houston Baptist,2019,28,12
Incarnate Word,2019,27,6
Lamar,2019,29,20
McNeese St.,2019,27,9
New Orleans,2019,29,19
Nicholls St.,2019,27,14
Northwestern St.,2019,28,11
Sam Houston St.,2019,30,21
Southeastern Louisiana,2019,31,17
Stephen F. Austin,2019,26,14
Texas A&M Corpus Chris,2019,28,14
Denver,2015,30,12
IPFW,2015,28,13
IUPUI,2015,31,10
Nebraska Omaha,2015,28,11
Oral Roberts,2015,32,17
South Dakota,2015,31,15
South Dakota St.,2015,33,22
Western Illinois,2015,26,6
Denver,2016,31,16
IPFW,2016,32,22
IUPUI,2016,31,12
Nebraska Omaha,2016,30,16
North Dakota St.,2016,31,18
Oral Roberts,2016,29,12
South Dakota,2016,30,12
Western Illinois,2016,24,7
Denver,2017,30,16
Fort Wayne,2017,30,20
IUPUI,2017,30,14
Nebraska Omaha,2017,31,18
North Dakota St.,2017,28,19
Oral Roberts,2017,28,8
South Dakota,2017,32,22
Western Illinois,2017,26,8
Denver,2018,28,15
Fort Wayne,2018,29,18
Nebraska Omaha,2018,29,9
North Dakota St.,2018,29,15
Oral Roberts,2018,28,11
South Dakota,2018,31,26
Western Illinois,2018,24,12
Denver,2019,29,8
Fort Wayne,2019,30,18
Nebraska Omaha,2019,31,21
Oral Roberts,2019,30,11
South Dakota,2019,28,13
South Dakota St.,2019,32,24
Western Illinois,2019,29,10
Alabama A&M,2015,28,8
Alabama St.,2015,27,17
Alcorn St.,2015,30,5
Arkansas Pine Bluff,2015,32,12
Grambling St.,2015,27,0
Jackson St.,2015,32,11
Mississippi Valley St.,2015,32,6
Prairie View A&M,2015,32,14
Southern,2015,32,15
Alabama A&M,2016,28,10
Alabama St.,2016,29,12
Alcorn St.,2016,28,13
Arkansas Pine Bluff,2016,33,8
Grambling St.,2016,28,4
Jackson St.,2016,34,18
Mississippi Valley St.,2016,35,8
Prairie View A&M,2016,31,7
Texas Southern,2016,33,18
Alabama A&M,2017,29,2
Alabama St.,2017,30,8
Alcorn St.,2017,29,18
Arkansas Pine Bluff,2017,30,6
Grambling St.,2017,30,15
Jackson St.,2017,29,14
Mississippi Valley St.,2017,32,7
Prairie View A&M,2017,31,13
Southern,2017,30,15
Alabama A&M,2018,31,3
Alabama St.,2018,31,8
Alcorn St.,2018,28,11
Arkansas Pine Bluff,2018,35,14
Grambling St.,2018,30,17
Jackson St.,2018,30,12
Mississippi Valley St.,2018,32,4
Prairie View A&M,2018,33,16
Southern,2018,31,15
Alabama A&M,2019,32,5
Alabama St.,2019,29,12
Alcorn St.,2019,27,10
Arkansas Pine Bluff,2019,31,13
Grambling St.,2019,31,17
Jackson St.,2019,30,13
Mississippi Valley St.,2019,31,6
Southern,2019,31,7
Texas Southern,2019,36,24
Cal St. Bakersfield,2015,30,11
Chicago St.,2015,29,5
Grand Canyon,2015,30,15
Seattle,2015,32,16
UMKC,2015,31,12
UT Rio Grande Valley,2015,28,7
Utah Valley,2015,28,9
Chicago St.,2016,29,1
Grand Canyon,2016,32,25
New Mexico St.,2016,32,21
Seattle,2016,30,13
UMKC,2016,28,9
UT Rio Grande Valley,2016,27,5
Utah Valley,2016,27,9
Cal St. Bakersfield,2017,32,25
Chicago St.,2017,29,6
Grand Canyon,2017,29,22
Seattle,2017,27,13
UMKC,2017,32,18
UT Rio Grande Valley,2017,29,10
Utah Valley,2017,31,17
Cal St. Bakersfield,2018,27,12
Chicago St.,2018,30,3
Grand Canyon,2018,33,22
Seattle,2018,31,20
UMKC,2018,29,10
UT Rio Grande Valley,2018,31,15
Utah Valley,2018,31,23
Cal Baptist,2019,27,16
Cal St. Bakersfield,2019,31,18
Chicago St.,2019,30,3
Grand Canyon,2019,33,20
Seattle,2019,31,18
UMKC,2019,31,11
UT Rio Grande Valley,2019,35,20
Utah Valley,2019,33,25
Loyola Marymount,2015,30,7
Pacific,2015,28,9
Pepperdine,2015,31,17
Portland,2015,31,15
Saint Mary's,2015,30,20
San Diego,2015,30,14
San Francisco,2015,31,13
Santa Clara,2015,30,12
BYU,2016,36,25
Loyola Marymount,2016,30,13
Pacific,2016,26,6
Pepperdine,2016,31,17
Portland,2016,31,11
Saint Mary's,2016,34,28
San Diego,2016,29,8
San Francisco,2016,29,14
Santa Clara,2016,30,10
BYU,2017,34,22
Loyola Marymount,2017,29,15
Pacific,2017,32,11
Pepperdine,2017,30,9
Portland,2017,31,11
San Diego,2017,30,13
San Francisco,2017,32,20
Santa Clara,2017,32,17
BYU,2018,35,24
Loyola Marymount,2018,30,11
Pacific,2018,31,14
Pepperdine,2018,31,6
Portland,2018,29,10
Saint Mary's,2018,36,30
San Diego,2018,33,20
San Francisco,2018,38,22
Santa Clara,2018,29,11
BYU,2019,32,19
Loyola Marymount,2019,32,22
Pacific,2019,30,14
Pepperdine,2019,33,16
Portland,2019,30,7
San Diego,2019,35,21
San Francisco,2019,30,21
Santa Clara,2019,30,16
Abilene Christian,2014,21,2
Air Force,2014,28,10
Akron,2014,34,21
Alabama,2014,31,12
Alabama A&M,2014,28,12
Alabama St.,2014,29,16
Alcorn St.,2014,28,9
Appalachian St.,2014,26,5
Arkansas,2014,34,22
Arkansas Little Rock,2014,30,13
Arkansas Pine Bluff,2014,29,11
Arkansas St.,2014,30,17
Army,2014,30,14
Auburn,2014,30,14
Austin Peay,2014,28,10
Ball St.,2014,28,3
Belmont,2014,35,25
Bethune Cookman,2014,30,5
Binghamton,2014,30,7
Boise St.,2014,31,18
Boston College,2014,31,7
Boston University,2014,35,24
Bowling Green,2014,31,11
Bradley,2014,32,12
Brown,2014,28,14
Bryant,2014,31,17
Bucknell,2014,30,16
Buffalo,2014,28,18
Butler,2014,30,13
Cal St. Bakersfield,2014,31,12
Cal St. Fullerton,2014,31,11
Cal St. Northridge,2014,33,15
California,2014,35,21
Campbell,2014,28,9
Canisius,2014,33,21
Central Arkansas,2014,27,6
Central Connecticut,2014,29,10
Central Michigan,2014,29,8
Charleston Southern,2014,27,9
Charlotte,2014,31,17
Chattanooga,2014,30,15
Chicago St.,2014,30,11
Clemson,2014,36,23
Cleveland St.,2014,31,19
Colgate,2014,30,12
College of Charleston,2014,31,13
Colorado St.,2014,30,14
Columbia,2014,33,20
Coppin St.,2014,31,11
Cornell,2014,27,1
Dartmouth,2014,26,10
Davidson,2014,32,19
Delaware St.,2014,28,7
Denver,2014,30,15
DePaul,2014,33,12
Detroit,2014,30,11
Drake,2014,30,14
Drexel,2014,30,16
Duquesne,2014,30,13
East Carolina,2014,30,13
East Tennessee St.,2014,34,18
Eastern Illinois,2014,27,9
Eastern Michigan,2014,34,19
Eastern Washington,2014,29,13
Elon,2014,29,16
Evansville,2014,31,12
Fairfield,2014,32,7
Fairleigh Dickinson,2014,29,9
FIU,2014,28,13
Florida A&M,2014,30,12
Florida Atlantic,2014,30,8
Florida Gulf Coast,2014,33,20
Florida St.,2014,36,22
Fordham,2014,31,10
Fresno St.,2014,37,19
Furman,2014,27,7
Gardner Webb,2014,30,15
George Mason,2014,31,11
Georgetown,2014,33,18
Georgia,2014,34,20
Georgia Southern,2014,31,12
Georgia St.,2014,32,23
Georgia Tech,2014,33,16
Grambling St.,2014,27,4
Grand Canyon,2014,27,12
Green Bay,2014,28,21
Hampton,2014,30,17
Hartford,2014,33,17
Hawaii,2014,29,18
High Point,2014,29,14
Hofstra,2014,33,10
Holy Cross,2014,34,20
Houston,2014,33,17
Houston Baptist,2014,29,4
Howard,2014,31,6
Idaho,2014,33,15
Idaho St.,2014,27,9
Illinois,2014,35,20
Illinois Chicago,2014,29,4
Illinois St.,2014,33,17
Incarnate Word,2014,15,9
Indiana,2014,32,17
Indiana St.,2014,32,21
Iona,2014,33,22
IPFW,2014,33,22
IUPUI,2014,29,3
Jackson St.,2014,31,11
Jacksonville,2014,28,10
Jacksonville St.,2014,29,8
James Madison,2014,31,11
Kennesaw St.,2014,29,4
Kent St.,2014,31,15
La Salle,2014,31,15
Lafayette,2014,30,10
Lamar,2014,30,4
Lehigh,2014,32,14
Liberty,2014,29,8
Lipscomb,2014,29,14
LIU Brooklyn,2014,29,9
Long Beach St.,2014,30,13
Longwood,2014,28,4
Louisiana Monroe,2014,26,9
Louisiana Tech,2014,36,28
Loyola Chicago,2014,31,9
Loyola Marymount,2014,31,12
Loyola MD,2014,28,9
LSU,2014,34,20
Maine,2014,28,5
Marist,2014,31,12
Marquette,2014,32,17
Marshall,2014,31,9
Maryland,2014,32,17
Maryland Eastern Shore,2014,28,5
McNeese St.,2014,29,9
Miami FL,2014,33,17
Miami OH,2014,30,13
Middle Tennessee,2014,31,22
Minnesota,2014,37,24
Mississippi,2014,33,19
Mississippi St.,2014,33,14
Mississippi Valley St.,2014,29,6
Missouri,2014,35,23
Missouri St.,2014,32,19
Monmouth,2014,32,11
Montana,2014,28,15
Montana St.,2014,29,12
Morehead St.,2014,32,18
Morgan St.,2014,31,15
Murray St.,2014,32,21
Navy,2014,29,8
Nebraska Omaha,2014,29,14
Nevada,2014,32,15
New Hampshire,2014,29,5
New Orleans,2014,24,9
Niagara,2014,33,7
Nicholls St.,2014,28,13
NJIT,2014,25,9
Norfolk St.,2014,31,16
North Carolina A&T,2014,31,8
North Dakota,2014,32,15
North Florida,2014,30,14
North Texas,2014,30,14
Northeastern,2014,32,11
Northern Arizona,2014,31,14
Northern Colorado,2014,30,16
Northern Illinois,2014,31,14
Northern Iowa,2014,30,15
Northern Kentucky,2014,30,9
Northwestern,2014,33,14
Northwestern St.,2014,29,15
Notre Dame,2014,32,15
Oakland,2014,31,11
Ohio,2014,36,24
Old Dominion,2014,36,18
Oral Roberts,2014,31,15
Oregon St.,2014,32,16
Pacific,2014,33,17
Penn,2014,28,8
Penn St.,2014,34,16
Pepperdine,2014,30,14
Portland,2014,31,15
Portland St.,2014,30,15
Prairie View A&M,2014,33,10
Presbyterian,2014,30,4
Princeton,2014,29,20
Purdue,2014,31,14
Quinnipiac,2014,32,20
Radford,2014,32,19
Rhode Island,2014,31,14
Rice,2014,28,5
Richmond,2014,33,19
Rider,2014,31,14
Robert Morris,2014,36,22
Rutgers,2014,32,11
Sacramento St.,2014,28,12
Sacred Heart,2014,31,5
Saint Mary's,2014,34,22
Saint Peter's,2014,31,14
Sam Houston St.,2014,33,22
Samford,2014,30,10
San Diego,2014,33,16
San Francisco,2014,31,19
San Jose St.,2014,29,5
Santa Clara,2014,31,12
Savannah St.,2014,30,11
Seattle,2014,28,11
Seton Hall,2014,34,17
Siena,2014,38,20
SIU Edwardsville,2014,29,9
SMU,2014,37,27
South Alabama,2014,28,8
South Carolina,2014,34,14
South Carolina St.,2014,28,7
South Dakota,2014,27,9
South Dakota St.,2014,29,16
South Florida,2014,32,12
Southeast Missouri St.,2014,30,16
Southeastern Louisiana,2014,28,10
Southern,2014,29,16
Southern Illinois,2014,32,13
Southern Miss,2014,34,27
Southern Utah,2014,28,1
St. Bonaventure,2014,33,18
St. Francis NY,2014,31,17
St. Francis PA,2014,31,10
St. John's,2014,33,20
Stetson,2014,30,7
Stony Brook,2014,33,22
TCU,2014,30,8
Temple,2014,31,9
Tennessee Martin,2014,29,6
Tennessee St.,2014,29,4
Tennessee Tech,2014,31,15
Texas A&M,2014,34,18
Texas A&M Corpus Chris,2014,32,17
Texas St.,2014,29,6
Texas Tech,2014,32,14
The Citadel,2014,29,4
Toledo,2014,33,26
Towson,2014,35,24
Troy,2014,29,9
Tulane,2014,33,16
UAB,2014,29,16
UC Davis,2014,29,7
UC Irvine,2014,33,21
UC Riverside,2014,29,8
UC Santa Barbara,2014,28,19
UCF,2014,29,11
UMass Lowell,2014,27,9
UMBC,2014,28,8
UMKC,2014,29,10
UNC Asheville,2014,29,14
UNC Greensboro,2014,29,11
UNC Wilmington,2014,30,7
UNLV,2014,33,20
USC,2014,31,10
USC Upstate,2014,32,17
UT Arlington,2014,29,13
UT Rio Grande Valley,2014,31,8
Utah,2014,31,19
Utah St.,2014,31,17
Utah Valley,2014,30,18
UTEP,2014,32,21
UTSA,2014,27,6
Valparaiso,2014,31,15
Vanderbilt,2014,31,15
Vermont,2014,31,20
Virginia Tech,2014,31,9
VMI,2014,31,18
Wagner,2014,29,17
Wake Forest,2014,33,17
Washington,2014,32,17
Washington St.,2014,30,9
West Virginia,2014,33,17
Western Carolina,2014,31,16
Western Illinois,2014,27,7
Western Kentucky,2014,31,19
William & Mary,2014,30,19
Winthrop,2014,30,17
Wright St.,2014,34,19
Wyoming,2014,31,16
Yale,2014,32,18
Youngstown St.,2014,29,12
Grambling St.,2013,28,0
San Francisco,2013,29,13
UNC Asheville,2013,29,13
Appalachian St.,2013,29,13
George Washington,2013,30,13
Southern Illinois,2013,30,13
Central Connecticut,2013,30,13
Utah,2013,31,13
Clemson,2013,31,13
Wake Forest,2013,31,13
Drexel,2013,31,13
Eastern Michigan,2013,31,13
Florida Atlantic,2013,31,13
Morehead St.,2013,31,13
Delaware St.,2013,31,13
Washington St.,2013,32,13
Northwestern,2013,32,13
West Virginia,2013,32,13
Virginia Tech,2013,32,13
St. Bonaventure,2013,29,14
Loyola Chicago,2013,30,14
Georgia St.,2013,30,14
Stetson,2013,30,14
Drake,2013,31,14
SMU,2013,31,14
Oakland,2013,31,14
USC Upstate,2013,31,14
UC Davis,2013,31,14
IPFW,2013,31,14
Sam Houston St.,2013,31,14
North Dakota,2013,31,14
Hampton,2013,31,14
Oregon St.,2013,32,14
USC,2013,32,14
Manhattan,2013,32,14
San Diego,2013,32,14
South Carolina,2013,32,14
Jacksonville St.,2013,26,15
Toledo,2013,28,15
Hawaii,2013,28,15
High Point,2013,29,15
Army,2013,30,15
Ball St.,2013,30,15
Rutgers,2013,31,15
Youngstown St.,2013,31,15
Quinnipiac,2013,31,15
Southeast Missouri St.,2013,31,15
Georgia,2013,32,15
UAB,2013,32,15
Seton Hall,2013,33,15
Nebraska,2013,33,15
Princeton,2013,26,16
Charleston Southern,2013,29,16
South Alabama,2013,29,16
Air Force,2013,30,16
Cal Poly,2013,30,16
Arkansas Pine Bluff,2013,30,16
Georgia Tech,2013,31,16
Tennessee St.,2013,31,16
Arkansas Little Rock,2013,31,16
Tulsa,2013,32,16
Vanderbilt,2013,33,16
Texas,2013,33,16
Boston College,2013,33,16
Purdue,2013,34,16
UCF,2013,28,17
Boston University,2013,30,17
Towson,2013,30,17
Dayton,2013,31,17
Xavier,2013,31,17
Texas Southern,2013,31,17
Long Beach St.,2013,31,17
Hartford,2013,31,17
Indiana St.,2013,32,17
Morgan St.,2013,32,17
Savannah St.,2013,32,17
St. John's,2013,33,17
Green Bay,2013,33,17
Illinois Chicago,2013,33,17
Arkansas St.,2013,30,18
Detroit,2013,31,18
Gardner Webb,2013,31,18
Saint Joseph's,2013,32,18
UTEP,2013,32,18
Wyoming,2013,32,18
FIU,2013,32,18
Mount St. Mary's,2013,32,18
Illinois St.,2013,33,18
Texas A&M,2013,33,18
Lafayette,2013,33,18
Washington,2013,34,18
Florida St.,2013,34,18
Bradley,2013,35,18
Stanford,2013,34,19
North Carolina Central,2013,28,19
Murray St.,2013,29,19
East Carolina,2013,30,19
LSU,2013,31,19
Bryant,2013,31,19
Wagner,2013,31,19
Elon,2013,31,19
Arkansas,2013,32,19
Houston,2013,32,19
Niagara,2013,33,19
UT Arlington,2013,33,19
Delaware,2013,33,19
Providence,2013,34,19
Richmond,2013,34,19
Oral Roberts,2013,34,19
Tulane,2013,34,19
Rider,2013,34,19
UC Irvine,2013,35,19
Fairfield,2013,35,19
Connecticut,2013,30,20
Western Illinois,2013,29,20
Lehigh,2013,30,20
Utah St.,2013,30,20
Tennessee,2013,33,20
Northeastern,2013,33,20
Northern Iowa,2013,34,20
Canisius,2013,34,20
Kent St.,2013,34,20
Evansville,2013,35,20
Kentucky,2013,33,21
Massachusetts,2013,33,21
Charlotte,2013,33,21
Vermont,2013,33,21
Norfolk St.,2013,33,21
Western Michigan,2013,34,21
Denver,2013,32,22
Baylor,2013,36,22
North Dakota St.,2013,32,22
Mercer,2013,34,22
Alabama,2013,35,22
Arizona St.,2013,35,22
Wright St.,2013,35,22
George Mason,2013,38,22
Virginia,2013,35,23
Stephen F. Austin,2013,28,23
Eastern Kentucky,2013,33,23
BYU,2013,35,23
Loyola MD,2013,35,23
Iowa,2013,37,24
Stony Brook,2013,32,24
Ohio,2013,34,24
College of Charleston,2013,34,24
Robert Morris,2013,35,24
Santa Clara,2013,36,24
Maryland,2013,38,25
Southern Miss,2013,35,25
Louisiana Tech,2013,33,26
Weber St.,2013,35,28
Maryland Eastern Shore,2013,28,2
Binghamton,2013,29,2
Kennesaw St.,2013,30,3
Lamar,2013,31,3
New Orleans,2013,22,4
Louisiana Monroe,2013,27,4
UC Riverside,2013,28,4
South Carolina St.,2013,28,4
Rice,2013,29,4
Northern Illinois,2013,29,4
IUPUI,2013,30,4
Texas A&M Corpus Chris,2013,28,5
Mississippi Valley St.,2013,28,5
Idaho St.,2013,29,5
St. Francis PA,2013,29,5
Presbyterian,2013,29,5
Furman,2013,29,5
Old Dominion,2013,30,5
Portland St.,2013,26,6
The Citadel,2013,28,6
Austin Peay,2013,29,6
Florida A&M,2013,29,6
Howard,2013,29,6
Fordham,2013,30,6
Milwaukee,2013,30,6
Hofstra,2013,31,6
Longwood,2013,31,6
SIU Edwardsville,2013,25,7
Tennessee Martin,2013,28,7
Seattle,2013,29,7
UNC Greensboro,2013,29,7
Chicago St.,2013,29,7
UMBC,2013,30,7
Navy,2013,30,7
Coppin St.,2013,31,7
UMKC,2013,31,7
Fairleigh Dickinson,2013,31,7
Dartmouth,2013,27,8
New Hampshire,2013,28,8
South Dakota,2013,28,8
San Jose St.,2013,28,8
Rhode Island,2013,29,8
Duquesne,2013,30,8
Miami OH,2013,30,8
Siena,2013,32,8
Fresno St.,2013,28,9
UC Santa Barbara,2013,29,9
UNC Wilmington,2013,29,9
Sacred Heart,2013,29,9
Southern Utah,2013,29,9
Alabama A&M,2013,29,9
Portland,2013,30,9
Saint Peter's,2013,30,9
Nicholls St.,2013,30,9
Missouri St.,2013,31,9
Penn,2013,31,9
East Tennessee St.,2013,31,9
Alabama St.,2013,31,9
Auburn,2013,32,9
Alcorn St.,2013,32,9
Columbia,2013,26,10
Cal St. Bakersfield,2013,26,10
Tennessee Tech,2013,27,10
Pepperdine,2013,28,10
Utah Valley,2013,28,10
Maine,2013,29,10
Radford,2013,29,10
Nebraska Omaha,2013,29,10
Central Michigan,2013,30,10
American,2013,30,10
Penn St.,2013,31,10
Marist,2013,31,10
TCU,2013,31,10
Eastern Washington,2013,31,10
Samford,2013,31,10
Monmouth,2013,31,10
Loyola Marymount,2013,32,10
Mississippi St.,2013,32,10
UTSA,2013,32,10
Coastal Carolina,2013,26,11
Northern Kentucky,2013,27,11
Houston Baptist,2013,27,11
Winthrop,2013,28,11
VMI,2013,28,11
Montana St.,2013,28,11
Central Arkansas,2013,28,11
McNeese St.,2013,28,11
Idaho,2013,29,11
Northern Colorado,2013,29,11
Cleveland St.,2013,29,11
Lipscomb,2013,29,11
Southeastern Louisiana,2013,29,11
Jackson St.,2013,29,11
Nevada,2013,30,11
Bowling Green,2013,30,11
North Texas,2013,30,11
Campbell,2013,30,11
Chattanooga,2013,30,11
Texas Tech,2013,31,11
Eastern Illinois,2013,31,11
DePaul,2013,32,11
Colgate,2013,32,11
Northern Arizona,2013,32,11
Texas St.,2013,33,11
NJIT,2013,25,12
Brown,2013,27,12
Sacramento St.,2013,27,12
UT Rio Grande Valley,2013,28,12
Yale,2013,29,12
William & Mary,2013,29,12
Cal St. Northridge,2013,29,12
Cal St. Fullerton,2013,30,12
St. Francis NY,2013,30,12
Cornell,2013,30,12
Jacksonville,2013,30,12
South Florida,2013,31,12
Marshall,2013,31,12
Holy Cross,2013,31,12
North Florida,2013,31,12
Western Carolina,2013,31,12
Wofford,2013,31,12
Georgia Southern,2013,31,12
Prairie View A&M,2013,31,12
Buffalo,2013,32,12
Louisiana Lafayette,2013,32,12
Bethune Cookman,2013,32,12
Troy,2013,33,12
Dayton,2015,36,27
Saint Joseph's,2016,36,28
VCU,2016,36,25
Rhode Island,2017,35,25
Rhode Island,2018,34,26
Virginia,2015,34,30
Duke,2017,37,28
Florida St.,2017,35,26
Louisville,2017,34,25
Notre Dame,2017,36,26
Virginia,2017,34,23
North Carolina,2018,37,26
UMBC,2018,33,25
Cincinnati,2015,34,23
Connecticut,2016,36,25
Cincinnati,2017,36,30
Cincinnati,2018,36,31
Houston,2018,35,27
UCF,2019,33,24
Iowa,2015,34,22
Maryland,2015,35,28
Ohio St.,2015,35,24
Iowa,2016,33,22
Michigan St.,2017,35,20
Northwestern,2017,36,24
Michigan St.,2018,35,30
Ohio St.,2018,34,25
Iowa,2019,35,23
Maryland,2019,34,23
Minnesota,2019,36,22
Ohio St.,2019,35,20
Kansas,2015,36,27
Iowa St.,2017,35,24
Baylor,2019,34,20
Kansas,2019,36,26
Oklahoma,2019,34,20
Butler,2015,34,23
Georgetown,2015,33,22
Villanova,2015,36,33
Butler,2016,33,22
Providence,2016,35,24
Xavier,2016,34,28
Villanova,2017,36,32
Butler,2018,35,21
Seton Hall,2018,34,22
Xavier,2018,35,29
Villanova,2019,36,26
Liberty,2019,33,29
Hawaii,2016,32,26
UC Irvine,2019,36,31
UAB,2015,35,19
Middle Tennessee,2016,33,23
Middle Tennessee,2017,35,31
Marshall,2018,35,25
Yale,2016,29,22
Buffalo,2018,35,27
Buffalo,2019,35,32
Northern Iowa,2015,35,31
Northern Iowa,2016,35,22
Wichita St.,2016,34,25
Wichita St.,2017,35,31
San Diego St.,2015,35,26
Murray St.,2019,31,28
Oregon,2015,35,25
Utah,2016,35,26
USC,2017,36,26
Washington,2019,36,27
Georgia St.,2015,34,24
Arkansas Little Rock,2016,33,28
Wofford,2019,32,30
Arkansas,2015,36,27
Kentucky,2016,36,27
Arkansas,2017,36,26
Alabama,2018,36,20
Auburn,2018,34,26
Florida,2018,34,21
Tennessee,2018,35,26
Florida,2019,36,20
Stephen F. Austin,2016,30,24
Saint Mary's,2017,34,29
Wichita St.,2014,35,34
Kansas,2014,35,25
Villanova,2014,34,29
Creighton,2014,35,27
Syracuse,2014,34,28
Saint Louis,2014,33,26
North Carolina,2014,34,24
Oregon,2014,34,24
Texas,2014,35,24
Gonzaga,2014,35,28
Memphis,2014,33,23
Pittsburgh,2014,36,26
Harvard,2014,31,26
North Dakota St.,2014,30,23
Stephen F. Austin,2014,33,30
Mercer,2014,33,24
Gonzaga,2013,34,31
Saint Louis,2013,35,28
VCU,2013,36,27
Butler,2013,35,26
Memphis,2013,36,31
San Diego St.,2013,32,21
Illinois,2013,34,21
Creighton,2013,36,28
Colorado St.,2013,33,24
North Carolina,2013,35,24
Temple,2013,34,24
Iowa St.,2013,35,23
Minnesota,2013,34,21
California,2013,33,21
Mississippi,2013,36,27
Harvard,2013,29,19
Davidson,2015,31,23
VCU,2015,36,26
Dayton,2016,33,25
Dayton,2017,31,24
VCU,2017,35,26
Davidson,2018,33,21
St. Bonaventure,2018,34,26
Saint Louis,2019,36,23
VCU,2019,33,25
Pittsburgh,2016,32,20
Miami FL,2017,33,21
Virginia Tech,2017,33,22
Miami FL,2018,32,22
North Carolina St.,2018,33,21
Virginia,2018,34,31
Virginia Tech,2018,33,21
Louisville,2019,34,20
Syracuse,2019,34,20
Albany,2015,33,24
Stony Brook,2016,31,24
Vermont,2017,34,29
Vermont,2019,33,27
SMU,2015,33,26
Cincinnati,2016,33,22
Temple,2016,33,21
SMU,2017,35,30
Wichita St.,2018,33,25
Cincinnati,2019,35,28
Florida Gulf Coast,2016,31,17
Florida Gulf Coast,2017,31,26
Lipscomb,2018,30,23
Indiana,2015,34,20
Purdue,2015,34,21
Michigan,2016,35,22
Michigan St.,2016,35,29
Purdue,2016,35,26
Maryland,2017,32,24
Minnesota,2017,34,24
Wisconsin,2019,34,23
Baylor,2015,33,23
Iowa St.,2015,34,25
Oklahoma St.,2015,31,17
Texas,2015,34,20
Baylor,2016,33,21
Texas,2016,33,20
Texas Tech,2016,32,19
West Virginia,2016,35,26
Kansas St.,2017,35,21
Oklahoma St.,2017,32,20
Oklahoma,2018,32,18
TCU,2018,33,21
Texas,2018,34,19
Iowa St.,2019,35,23
Kansas St.,2019,34,25
Providence,2015,34,22
St. John's,2015,32,20
Seton Hall,2016,34,25
Creighton,2017,34,25
Marquette,2017,32,19
Seton Hall,2017,33,21
Creighton,2018,32,21
Providence,2018,35,21
Marquette,2019,34,24
Seton Hall,2019,34,20
Eastern Washington,2015,32,23
Weber St.,2016,32,23
North Dakota,2017,29,22
Montana,2018,32,26
Montana,2019,33,26
Coastal Carolina,2015,30,20
UNC Asheville,2016,32,20
Winthrop,2017,31,26
Radford,2018,34,23
Gardner Webb,2019,32,23
UC Irvine,2015,32,19
UC Davis,2017,34,23
Cal St. Fullerton,2018,30,20
Northeastern,2015,35,23
UNC Wilmington,2016,31,23
UNC Wilmington,2017,33,29
College of Charleston,2018,32,26
Northeastern,2019,34,23
Old Dominion,2019,35,26
Valparaiso,2015,31,25
Green Bay,2016,34,21
Northern Kentucky,2017,33,24
Wright St.,2018,33,25
Northern Kentucky,2019,33,26
Harvard,2015,28,20
Princeton,2017,29,23
Penn,2018,32,24
Yale,2019,29,22
Iona,2016,33,22
Iona,2017,35,22
Iona,2018,34,20
Iona,2019,33,17
Buffalo,2015,33,23
Buffalo,2016,34,19
Kent St.,2017,35,22
Hampton,2015,35,17
Hampton,2016,31,20
Bradley,2019,34,20
Wyoming,2015,33,23
Fresno St.,2016,33,23
Nevada,2017,35,28
San Diego St.,2018,32,22
Nevada,2019,34,29
Utah St.,2019,34,28
Robert Morris,2015,35,20
Mount St. Mary's,2017,36,20
Fairleigh Dickinson,2019,33,21
Belmont,2015,32,21
Austin Peay,2016,34,16
Jacksonville St.,2017,33,20
Murray St.,2018,30,26
Belmont,2019,32,27
Arizona,2016,34,25
California,2016,34,23
Colorado,2016,33,21
Oregon St.,2016,31,18
USC,2016,34,21
Arizona,2018,35,27
Arizona St.,2019,34,23
Lafayette,2015,32,19
Holy Cross,2016,35,15
Bucknell,2017,35,26
Bucknell,2018,35,25
Colgate,2019,34,24
Troy,2017,35,22
Georgia St.,2018,33,24
Georgia St.,2019,33,24
Wofford,2015,33,26
Chattanooga,2016,33,27
East Tennessee St.,2017,33,27
UNC Greensboro,2018,32,27
Georgia,2015,33,21
LSU,2015,33,22
Mississippi,2015,34,21
Vanderbilt,2017,35,19
Arkansas,2018,35,23
Missouri,2018,32,20
Mississippi,2019,33,20
Mississippi St.,2019,34,23
Stephen F. Austin,2015,31,26
Stephen F. Austin,2018,31,28
Abilene Christian,2019,30,27
North Dakota St.,2015,31,21
South Dakota St.,2016,32,24
South Dakota St.,2017,33,18
South Dakota St.,2018,31,28
North Dakota St.,2019,33,19
Texas Southern,2015,35,22
Texas Southern,2017,35,23
Texas Southern,2018,36,16
New Mexico St.,2015,32,21
Cal St. Bakersfield,2016,30,21
New Mexico St.,2017,31,28
New Mexico St.,2018,31,28
New Mexico St.,2019,33,30
Saint Mary's,2019,34,22
Duke,2014,35,26
Cincinnati,2014,34,27
Oklahoma,2014,33,23
VCU,2014,35,26
Massachusetts,2014,33,24
Ohio St.,2014,35,25
New Mexico,2014,34,27
Colorado,2014,35,23
Kansas St.,2014,33,20
Oklahoma St.,2014,34,21
Arizona St.,2014,33,21
BYU,2014,34,22
Saint Joseph's,2014,34,24
George Washington,2014,33,24
Nebraska,2014,32,19
Providence,2014,35,22
North Carolina St.,2014,36,22
Delaware,2014,35,25
Manhattan,2014,33,25
New Mexico St.,2014,35,25
Tulsa,2014,34,21
Louisiana Lafayette,2014,32,20
North Carolina Central,2014,32,26
Western Michigan,2014,32,22
American,2014,33,20
Eastern Kentucky,2014,32,22
Milwaukee,2014,34,20
Wofford,2014,30,17
Albany,2014,34,19
Cal Poly,2014,32,12
Coastal Carolina,2014,31,18
Weber St.,2014,29,17
Georgetown,2013,32,25
New Mexico,2013,35,29
Kansas St.,2013,34,26
Wisconsin,2013,35,23
Oklahoma St.,2013,33,24
UNLV,2013,34,24
UCLA,2013,35,25
Notre Dame,2013,35,25
Pittsburgh,2013,33,24
North Carolina St.,2013,35,24
Villanova,2013,33,19
Missouri,2013,34,23
Oklahoma,2013,32,20
Colorado,2013,33,21
Cincinnati,2013,34,22
Belmont,2013,31,24
Bucknell,2013,33,27
Saint Mary's,2013,34,27
Akron,2013,32,25
South Dakota St.,2013,32,22
Montana,2013,30,23
New Mexico St.,2013,34,23
Northwestern St.,2013,28,19
Davidson,2013,33,25
Valparaiso,2013,33,25
Pacific,2013,33,20
Iona,2013,34,20
Albany,2013,35,24
Western Kentucky,2013,35,19
North Carolina A&T,2013,36,19
Southern,2013,30,20
James Madison,2013,36,21
Wake Forest,2017,33,19
Tulsa,2016,32,20
Temple,2019,33,23
North Florida,2015,32,20
Providence,2017,33,20
St. John's,2019,34,21
Manhattan,2015,33,19
North Carolina Central,2017,31,25
North Carolina Central,2018,32,19
North Carolina Central,2019,31,18
Boise St.,2015,32,23
Fairleigh Dickinson,2016,32,17
LIU Brooklyn,2018,34,18
Arizona St.,2018,32,20
UCLA,2018,33,21
Vanderbilt,2016,33,19
New Orleans,2017,29,20
Southern,2016,32,19
Prairie View A&M,2019,34,22
BYU,2015,33,23
Iowa,2014,33,20
Xavier,2014,34,21
Mount St. Mary's,2014,33,16
Texas Southern,2014,33,18
Middle Tennessee,2013,34,28
Boise St.,2013,30,19
LIU Brooklyn,2013,34,20
Liberty,2013,33,12
North Carolina,2015,38,26
North Carolina St.,2015,36,22
Duke,2016,36,25
Miami FL,2016,35,27
Clemson,2018,35,25
Syracuse,2018,37,23
Florida St.,2019,37,29
North Carolina,2019,36,29
Virginia Tech,2019,35,26
Houston,2019,37,33
Indiana,2016,35,27
Maryland,2016,35,26
Wisconsin,2016,35,22
Michigan,2017,38,26
Purdue,2017,35,27
Wisconsin,2017,37,27
Purdue,2018,37,30
Michigan,2019,37,30
Oklahoma,2015,35,24
West Virginia,2015,35,25
Iowa St.,2016,35,23
Baylor,2017,34,27
West Virginia,2017,37,28
West Virginia,2018,37,26
Xavier,2015,37,23
Butler,2017,34,25
Wichita St.,2015,34,29
Nevada,2018,37,29
UCLA,2015,36,22
Utah,2015,34,25
Arizona,2017,37,32
UCLA,2017,36,31
Oregon,2019,38,25
Texas A&M,2016,37,28
Kentucky,2018,37,26
Texas A&M,2018,35,22
LSU,2019,35,28
Tennessee,2019,36,31
Gonzaga,2016,35,27
Gonzaga,2018,37,32
Virginia,2014,37,30
Iowa St.,2014,36,28
Louisville,2014,37,31
San Diego St.,2014,34,29
UCLA,2014,37,28
Baylor,2014,36,24
Stanford,2014,36,23
Tennessee,2014,36,23
Indiana,2013,36,29
Kansas,2013,37,31
Miami FL,2013,36,29
Michigan St.,2013,35,26
Arizona,2013,35,27
Oregon,2013,37,28
La Salle,2013,34,24
Florida Gulf Coast,2013,35,24
