Pk,Team,Player,College,Year,Pro_height,Pro_weight,DOB
1,CLE,lebron-james,,2003,81.0,250.0,12/30/1984
2,DET,darko-milicic,,2003,84.0,250.0,6/20/1985
3,DEN,carmelo-anthony,Syracuse,2003,79.0,238.0,5/29/1984
4,TOR,chris-bosh,Georgia Tech,2003,83.0,235.0,3/24/1984
5,MIA,dwyane-wade,Marquette,2003,76.0,220.0,1/17/1982
6,LAC,chris-kaman,Central Michigan University,2003,84.0,265.0,4/28/1982
7,CHI,kirk-hinrich,Kansas,2003,76.0,190.0,1/2/1981
8,MIL,t.j.-ford,Texas,2003,72.0,165.0,3/24/1983
9,NYK,mike-sweetney,Georgetown,2003,80.0,275.0,10/25/1982
10,WAS,jarvis-hayes,Georgia,2003,79.0,220.0,8/9/1981
11,GSW,mickael-pietrus,,2003,78.0,215.0,2/7/1982
12,SEA,nick-collison,Kansas,2003,82.0,255.0,10/26/1980
13,MEM,marcus-banks,UNLV,2003,74.0,200.0,11/19/1981
14,SEA,luke-ridnour,Oregon,2003,74.0,175.0,2/13/1981
15,ORL,reece-gaines,Louisville,2003,78.0,205.0,1/7/1981
16,BOS,troy-bell,Boston College,2003,73.0,180.0,11/10/1980
17,PHO,zarko-cabarkapa,,2003,83.0,235.0,5/21/1981
18,NOH,david-west,Xavier,2003,81.0,250.0,8/29/1980
19,UTA,sasha-pavlovic,,2003,80.0,220.0,11/15/1983
20,BOS,dahntay-jones,Duke,2003,78.0,225.0,12/27/1980
21,ATL,boris-diaw,,2003,80.0,250.0,4/16/1982
22,NJN,zoran-planinic,,2003,79.0,195.0,9/12/1982
23,POR,travis-outlaw,,2003,81.0,210.0,9/18/1984
24,LAL,brian-cook,Illinois,2003,81.0,234.0,12/4/1980
25,DET,carlos-delfino,,2003,78.0,230.0,8/29/1982
26,MIN,ndudi-ebi,,2003,81.0,200.0,6/18/1984
27,MEM,kendrick-perkins,,2003,82.0,270.0,11/10/1984
28,SAS,leandro-barbosa,,2003,75.0,194.0,11/28/1982
29,DAL,josh-howard,Wake Forest,2003,79.0,210.0,4/28/1980
30,NYK,maciej-lampe,,2003,83.0,275.0,2/5/1985
31,CLE,jason-kapono,UCLA,2003,80.0,213.0,2/4/1981
32,LAL,luke-walton,Arizona,2003,80.0,235.0,3/28/1980
33,MIA,jerome-beasley,University of North Dakota,2003,82.0,237.0,5/17/1980
34,LAC,sofoklis-schortsanitis,,2003,82.0,345.0,6/22/1985
35,MIL,szymon-szewczyk,,2003,82.0,242.0,12/21/1982
36,CHI,mario-austin,Mississippi State,2003,81.0,264.0,2/26/1982
37,ATL,travis-hansen,BYU,2003,78.0,205.0,4/15/1978
38,WAS,steve-blake,Maryland,2003,75.0,172.0,2/26/1980
39,NYK,slavko-vranes,,2003,89.0,275.0,1/30/1983
40,GSW,derrick-zimmerman,Mississippi State,2003,75.0,195.0,12/2/1981
41,SEA,willie-green,Detroit Mercy,2003,76.0,200.0,7/28/1981
42,ORL,zaza-pachulia,,2003,83.0,270.0,2/10/1984
43,MIL,keith-bogans,Kentucky,2003,77.0,215.0,5/12/1980
44,HOU,malick-badiane,,2003,,,
45,CHI,matt-bonner,Florida,2003,82.0,235.0,4/5/1980
46,DEN,sani-becirovic,,2003,77.0,210.0,5/19/1981
47,UTA,mo-williams,Alabama,2003,73.0,198.0,12/19/1982
48,NOH,james-lang,,2003,82.0,285.0,10/17/1983
49,IND,james-jones,Miami (FL),2003,80.0,218.0,10/4/1980
50,PHI,paccelis-morlende,,2003,74.0,185.0,4/19/1981
51,NJN,kyle-korver,Creighton,2003,79.0,212.0,3/17/1981
52,TOR,remon-van-de-hare,,2003,,,
53,CHI,tommy-smith,Arizona State,2003,,,
54,POR,nedzad-sinanovic,,2003,88.0,250.0,1/29/1983
55,MIN,rick-rickert,Minnesota,2003,,,
56,BOS,brandon-hunter,Ohio University,2003,79.0,260.0,11/24/1980
57,DAL,xue-yuyang,,2003,84.0,265.0,11/4/1982
58,DET,andreas-glyniadakis,,2003,85.0,280.0,8/21/1981
1,ORL,dwight-howard,,2004,82.0,265.0,12/8/1985
2,CHA,emeka-okafor,UConn,2004,82.0,252.0,9/28/1982
3,CHI,ben-gordon,UConn,2004,75.0,200.0,4/4/1983
4,LAC,shaun-livingston,,2004,79.0,192.0,9/11/1985
5,WAS,devin-harris,Wisconsin,2004,75.0,185.0,2/27/1983
6,ATL,josh-childress,Stanford,2004,80.0,210.0,6/20/1983
7,PHO,luol-deng,Duke,2004,81.0,237.0,4/16/1985
8,TOR,rafael-araujo,BYU,2004,83.0,280.0,8/12/1980
9,PHI,andre-iguodala,Arizona,2004,78.0,215.0,1/28/1984
10,CLE,luke-jackson,Oregon,2004,79.0,215.0,11/6/1981
11,GSW,andris-biedrins,,2004,83.0,240.0,4/2/1986
12,SEA,robert-swift,,2004,84.0,245.0,12/3/1985
13,POR,sebastian-telfair,,2004,72.0,165.0,6/9/1985
14,UTA,kris-humphries,Minnesota,2004,81.0,235.0,2/6/1985
15,BOS,al-jefferson,,2004,82.0,289.0,1/4/1985
16,UTA,kirk-snyder,Nevada,2004,78.0,225.0,6/5/1983
17,ATL,josh-smith,,2004,81.0,225.0,12/5/1985
18,NOH,j.r.-smith,,2004,78.0,225.0,9/9/1985
19,MIA,dorell-wright,,2004,81.0,205.0,12/2/1985
20,DEN,jameer-nelson,Saint Joseph's,2004,72.0,190.0,2/9/1982
21,UTA,pavel-podkolzin,,2004,89.0,260.0,1/15/1985
22,NJN,viktor-khryapa,,2004,81.0,210.0,8/3/1982
23,POR,sergei-monia,,2004,80.0,220.0,4/15/1983
24,BOS,delonte-west,Saint Joseph's,2004,76.0,180.0,7/26/1983
25,BOS,tony-allen,Oklahoma State,2004,76.0,213.0,1/11/1982
26,SAC,kevin-martin,Western Carolina University,2004,79.0,199.0,2/1/1983
27,LAL,sasha-vujacic,,2004,79.0,195.0,3/8/1984
28,SAS,beno-udrih,,2004,75.0,205.0,7/5/1982
29,IND,david-harrison,Colorado,2004,84.0,280.0,8/15/1982
30,ORL,anderson-varejao,,2004,82.0,273.0,9/28/1982
31,CHI,jackson-vroman,Iowa State,2004,82.0,220.0,6/6/1981
32,WAS,peter-john-ramos,,2004,87.0,275.0,5/13/1985
33,LAC,lionel-chalmers,Xavier,2004,72.0,180.0,11/10/1980
34,ATL,donta-smith,Southeastern Illinois College,2004,79.0,215.0,11/27/1983
35,SEA,andre-emmett,Texas Tech,2004,77.0,230.0,8/27/1982
36,ORL,antonio-burks,Memphis,2004,73.0,200.0,2/25/1980
37,ATL,royal-ivey,Texas,2004,75.0,200.0,12/20/1981
38,CHI,chris-duhon,Duke,2004,73.0,185.0,8/31/1982
39,TOR,albert-miralles,,2004,82.0,243.0,5/14/1982
40,BOS,justin-reed,Ole Miss,2004,80.0,240.0,1/16/1982
41,SEA,david-young,NC Central,2004,,,
42,ATL,viktor-sanikidze,,2004,80.0,220.0,4/1/1986
43,NYK,trevor-ariza,UCLA,2004,80.0,215.0,6/30/1985
44,NOH,tim-pickett,Florida State,2004,,,
45,CHA,bernard-robinson,Michigan,2004,78.0,210.0,12/26/1980
46,POR,ha-seung-jin,,2004,87.0,305.0,8/4/1985
47,MIA,pape-sow,Cal State Fullerton,2004,82.0,250.0,11/22/1981
48,SAC,ricky-minard,Morehead State University,2004,,,
49,MEM,sergei-lishouk,,2004,83.0,250.0,3/31/1982
50,DAL,vassilis-spanoulis,,2004,76.0,195.0,8/7/1982
51,NJN,christian-drejer,Florida,2004,,,
52,SAS,romain-sato,Xavier,2004,,,
53,MIA,matt-freije,Vanderbilt,2004,82.0,240.0,10/2/1981
54,DET,rickey-paulding,Missouri,2004,,,
55,HOU,luis-flores,Manhattan College,2004,74.0,200.0,4/11/1981
56,LAL,marcus-douthit,Providence,2004,,,
57,SAS,sergei-karaulov,,2004,85.0,249.0,4/15/1982
58,MIN,blake-stepp,Gonzaga,2004,,,
59,IND,rashad-wright,Georgia,2004,,,
1,MIL,andrew-bogut,Utah,2005,84.0,260.0,11/28/1984
2,ATL,marvin-williams,UNC,2005,80.0,237.0,6/19/1986
3,UTA,deron-williams,Illinois,2005,75.0,200.0,6/26/1984
4,NOH,chris-paul,Wake Forest,2005,72.0,175.0,5/6/1985
5,CHA,raymond-felton,UNC,2005,73.0,205.0,6/26/1984
6,POR,martell-webster,,2005,79.0,230.0,12/4/1986
7,TOR,charlie-villanueva,UConn,2005,83.0,232.0,8/24/1984
8,NYK,channing-frye,Arizona,2005,84.0,255.0,5/17/1983
9,GSW,ike-diogu,Arizona State,2005,80.0,250.0,9/11/1983
10,LAL,andrew-bynum,,2005,84.0,285.0,10/27/1987
11,ORL,fran-vazquez,,2005,82.0,240.0,5/1/1983
12,LAC,yaroslav-korolev,,2005,81.0,203.0,5/7/1987
13,CHA,sean-may,UNC,2005,81.0,266.0,4/4/1984
14,MIN,rashad-mccants,UNC,2005,76.0,207.0,9/25/1984
15,NJN,antoine-wright,Texas A&M,2005,79.0,210.0,2/6/1984
16,TOR,joey-graham,Oklahoma State,2005,79.0,225.0,6/11/1982
17,IND,danny-granger,New Mexico,2005,81.0,222.0,4/20/1983
18,BOS,gerald-green,,2005,78.0,205.0,1/26/1986
19,MEM,hakim-warrick,Syracuse,2005,81.0,219.0,7/8/1982
20,DEN,julius-hodge,NC State,2005,79.0,210.0,11/18/1983
21,PHO,nate-robinson,Washington,2005,69.0,180.0,5/31/1984
22,DEN,jarrett-jack,Georgia Tech,2005,75.0,200.0,10/28/1983
23,SAC,francisco-garcia,Louisville,2005,79.0,195.0,12/31/1981
24,HOU,luther-head,Illinois,2005,75.0,185.0,11/26/1982
25,SEA,johan-petro,,2005,84.0,247.0,1/27/1986
26,DET,jason-maxiell,Cincinnati,2005,79.0,260.0,2/18/1983
27,POR,linas-kleiza,Missouri,2005,80.0,245.0,1/3/1985
28,SAS,ian-mahinmi,,2005,83.0,262.0,11/5/1986
29,MIA,wayne-simien,Kansas,2005,81.0,255.0,3/9/1983
30,NYK,david-lee,Florida,2005,81.0,245.0,4/29/1983
31,ATL,salim-stoudamire,Arizona,2005,73.0,179.0,10/11/1982
32,LAC,daniel-ewing,Duke,2005,75.0,185.0,3/26/1983
33,NOH,brandon-bass,LSU,2005,80.0,250.0,4/30/1985
34,UTA,c.j.-miles,,2005,78.0,220.0,3/18/1987
35,POR,ricky-sanchez,,2005,83.0,230.0,7/6/1987
36,MIL,ersan-ilyasova,,2005,81.0,235.0,5/15/1987
37,LAL,ronny-turiaf,Gonzaga,2005,82.0,249.0,1/13/1983
38,ORL,travis-diener,Marquette,2005,73.0,175.0,3/1/1982
39,LAL,von-wafer,Florida State,2005,77.0,210.0,7/21/1985
40,GSW,monta-ellis,,2005,75.0,185.0,10/26/1985
41,TOR,roko-ukic,,2005,77.0,183.0,5/12/1984
42,GSW,chris-taft,Pitt,2005,82.0,260.0,3/10/1985
43,NJN,mile-ilic,,2005,85.0,230.0,6/2/1984
44,ORL,martynas-andriuskevicius,,2005,86.0,240.0,3/12/1986
45,PHI,lou-williams,,2005,73.0,175.0,10/27/1986
46,IND,erazem-lorbek,,2005,82.0,250.0,2/21/1984
47,MIN,bracey-wright,Indiana,2005,75.0,210.0,7/1/1984
48,SEA,mickael-gelabale,,2005,79.0,215.0,5/22/1983
49,WAS,andray-blatche,,2005,83.0,235.0,8/22/1986
50,BOS,ryan-gomes,Providence,2005,79.0,250.0,9/1/1982
51,UTA,robert-whaley,Walsh University,2005,82.0,260.0,4/16/1982
52,DEN,axel-hervelle,,2005,81.0,223.0,12/5/1983
53,BOS,orien-greene,Louisiana,2005,76.0,208.0,2/4/1982
54,NYK,dijon-thompson,UCLA,2005,79.0,195.0,2/23/1983
55,SEA,lawrence-roberts,Mississippi State,2005,81.0,240.0,10/20/1982
56,DET,amir-johnson,,2005,81.0,240.0,5/1/1987
57,PHO,marcin-gortat,,2005,83.0,240.0,2/17/1984
58,TOR,uros-slokar,,2005,82.0,238.0,5/14/1983
59,ATL,cenk-akyol,,2005,78.0,195.0,4/16/1987
60,DET,alex-acker,Pepperdine,2005,77.0,185.0,1/21/1983
1,TOR,andrea-bargnani,,2006,84.0,245.0,10/26/1985
2,CHI,lamarcus-aldridge,Texas,2006,83.0,250.0,7/19/1985
3,CHA,adam-morrison,Gonzaga,2006,80.0,205.0,7/19/1984
4,POR,tyrus-thomas,LSU,2006,81.0,215.0,8/17/1986
5,ATL,shelden-williams,Duke,2006,81.0,250.0,10/21/1983
6,MIN,brandon-roy,Washington,2006,78.0,215.0,7/23/1984
7,BOS,randy-foye,Villanova,2006,76.0,213.0,9/24/1983
8,HOU,rudy-gay,UConn,2006,80.0,250.0,8/17/1986
9,GSW,patrick-o'bryant,Bradley,2006,84.0,260.0,6/20/1986
10,SEA,mouhamed-sene,,2006,83.0,230.0,5/12/1986
11,ORL,j.j.-redick,Duke,2006,75.0,200.0,6/24/1984
12,NOK,hilton-armstrong,UConn,2006,83.0,235.0,11/11/1984
13,PHI,thabo-sefolosha,,2006,78.0,215.0,5/2/1984
14,UTA,ronnie-brewer,Arkansas,2006,79.0,220.0,3/20/1985
15,NOK,cedric-simmons,NC State,2006,81.0,235.0,1/3/1986
16,CHI,rodney-carney,Memphis,2006,79.0,205.0,4/15/1984
17,IND,shawne-williams,Memphis,2006,81.0,225.0,2/16/1986
18,WAS,oleksiy-pecherov,,2006,84.0,232.0,12/8/1985
19,SAC,quincy-douby,Rutgers University,2006,75.0,175.0,5/16/1984
20,NYK,renaldo-balkman,South Carolina,2006,80.0,208.0,7/14/1984
21,PHO,rajon-rondo,Kentucky,2006,73.0,180.0,2/22/1986
22,NJN,marcus-williams,UConn,2006,75.0,205.0,12/3/1985
23,NJN,josh-boone,UConn,2006,82.0,237.0,11/21/1984
24,MEM,kyle-lowry,Villanova,2006,72.0,196.0,3/25/1986
25,CLE,shannon-brown,Michigan State,2006,76.0,205.0,11/29/1985
26,LAL,jordan-farmar,UCLA,2006,74.0,180.0,11/30/1986
27,PHO,sergio-rodriguez,,2006,75.0,176.0,6/12/1986
28,DAL,maurice-ager,Michigan State,2006,77.0,202.0,2/9/1984
29,NYK,mardy-collins,Temple,2006,78.0,220.0,8/4/1984
30,POR,joel-freeland,,2006,82.0,250.0,2/7/1987
31,POR,james-white,Cincinnati,2006,79.0,200.0,10/21/1982
32,HOU,steve-novak,Marquette,2006,82.0,225.0,6/13/1983
33,ATL,solomon-jones,South Florida,2006,82.0,230.0,7/16/1984
34,LAC,paul-davis,Michigan State,2006,83.0,270.0,7/21/1984
35,TOR,p.j.-tucker,Texas,2006,77.0,245.0,5/5/1985
36,MIN,craig-smith,Boston College,2006,79.0,250.0,11/10/1983
37,MIN,bobby-jones,Washington,2006,79.0,215.0,1/9/1984
38,GSW,kosta-perovic,,2006,86.0,240.0,2/19/1985
39,MIL,david-noel,UNC,2006,78.0,230.0,2/27/1984
40,SEA,denham-brown,UConn,2006,,,
41,ORL,james-augustine,Illinois,2006,82.0,235.0,2/27/1984
42,CLE,daniel-gibson,Texas,2006,74.0,190.0,2/27/1986
43,NOK,marcus-vinicius,,2006,80.0,225.0,5/31/1984
44,ORL,lior-eliyahu,,2006,81.0,225.0,9/9/1985
45,IND,alexander-johnson,Florida State,2006,81.0,240.0,2/8/1983
46,UTA,dee-brown,Illinois,2006,72.0,185.0,8/17/1984
47,UTA,paul-millsap,Louisiana Tech,2006,79.0,257.0,2/10/1985
48,WAS,vladimir-veremeenko,,2006,82.0,235.0,7/21/1984
49,DEN,leon-powe,California,2006,80.0,240.0,1/22/1984
50,CHA,ryan-hollins,UCLA,2006,84.0,240.0,10/10/1984
51,LAL,cheikh-samb,,2006,85.0,245.0,10/22/1984
52,LAC,guillermo-diaz,Miami (FL),2006,74.0,192.0,3/4/1985
53,SEA,yotam-halperin,,2006,77.0,210.0,1/24/1984
54,NJN,hassan-adams,Arizona,2006,76.0,220.0,6/20/1984
55,CLE,ejike-ugboaja,,2006,81.0,225.0,5/28/1985
56,TOR,edin-bavcic,,2006,82.0,242.0,6/5/1984
57,MIN,loukas-mavrokefalidis,,2006,,,
58,DAL,j.r.-pinnock,George Washington,2006,,,
59,SAS,damir-markota,,2006,82.0,225.0,12/26/1985
60,DET,will-blalock,Iowa State,2006,72.0,205.0,9/8/1983
1,POR,greg-oden,Ohio State,2007,84.0,250.0,1/22/1988
2,SEA,kevin-durant,Texas,2007,82.0,240.0,9/29/1988
3,ATL,al-horford,Florida,2007,81.0,240.0,6/3/1986
4,MEM,mike-conley,Ohio State,2007,73.0,175.0,10/11/1987
5,BOS,jeff-green,Georgetown,2007,80.0,235.0,8/28/1986
6,MIL,yi-jianlian,,2007,84.0,240.0,10/27/1987
7,MIN,corey-brewer,Florida,2007,81.0,186.0,3/5/1986
8,CHA,brandan-wright,UNC,2007,82.0,210.0,10/5/1987
9,CHI,joakim-noah,Florida,2007,83.0,230.0,2/25/1985
10,SAC,spencer-hawes,Washington,2007,85.0,245.0,4/28/1988
11,ATL,acie-law,Texas A&M,2007,75.0,195.0,1/25/1985
12,PHI,thaddeus-young,Georgia Tech,2007,80.0,235.0,6/21/1988
13,NOK,julian-wright,Kansas,2007,80.0,225.0,5/20/1987
14,LAC,al-thornton,Florida State,2007,80.0,220.0,12/7/1983
15,DET,rodney-stuckey,Eastern Washington,2007,77.0,210.0,4/21/1986
16,WAS,nick-young,USC,2007,79.0,210.0,6/1/1985
17,NJN,sean-williams,Boston College,2007,82.0,235.0,9/13/1986
18,GSW,marco-belinelli,,2007,77.0,220.0,3/25/1986
19,LAL,javaris-crittenton,Georgia Tech,2007,77.0,200.0,12/31/1987
20,MIA,jason-smith,Colorado State,2007,84.0,240.0,3/2/1986
21,PHI,daequan-cook,Ohio State,2007,77.0,205.0,4/28/1987
22,CHA,jared-dudley,Boston College,2007,78.0,237.0,7/10/1985
23,NYK,wilson-chandler,DePaul,2007,80.0,235.0,5/10/1987
24,PHO,rudy-fernandez,,2007,78.0,185.0,4/4/1985
25,UTA,morris-almond,Rice University,2007,78.0,225.0,2/2/1985
26,HOU,aaron-brooks,Oregon,2007,72.0,161.0,1/14/1985
27,DET,arron-afflalo,UCLA,2007,77.0,210.0,10/15/1985
28,SAS,tiago-splitter,,2007,83.0,245.0,1/1/1985
29,PHO,alando-tucker,Wisconsin,2007,78.0,205.0,2/11/1984
30,PHI,petteri-koponen,,2007,76.0,195.0,4/13/1988
31,SEA,carl-landry,Purdue,2007,81.0,248.0,9/19/1983
32,BOS,gabe-pruitt,USC,2007,76.0,170.0,4/19/1986
33,SAS,marcus-williams,Arizona,2007,79.0,205.0,11/18/1986
34,DAL,nick-fazekas,Nevada,2007,83.0,235.0,6/17/1985
35,SEA,glen-davis,LSU,2007,81.0,289.0,1/1/1986
36,GSW,jermareo-davidson,Alabama,2007,82.0,230.0,11/15/1984
37,POR,josh-mcroberts,Duke,2007,82.0,240.0,2/28/1987
38,PHI,kyrylo-fesenko,,2007,85.0,288.0,12/24/1986
39,MIA,stanko-barac,,2007,85.0,240.0,8/14/1986
40,LAL,sun-yue,,2007,81.0,205.0,11/6/1985
41,MIN,chris-richard,Florida,2007,81.0,270.0,12/25/1984
42,POR,derrick-byars,Vanderbilt,2007,79.0,220.0,4/25/1984
43,NOK,adam-haluska,Iowa,2007,,,
44,ORL,reyshawn-terry,UNC,2007,,,
45,LAC,jared-jordan,Marist College,2007,,,
46,GSW,stephane-lasme,UMass,2007,80.0,215.0,12/17/1982
47,WAS,dominic-mcguire,Fresno State,2007,81.0,220.0,10/20/1985
48,LAL,marc-gasol,,2007,83.0,255.0,1/29/1985
49,CHI,aaron-gray,Pitt,2007,84.0,270.0,12/7/1984
50,DAL,renaldas-seibutis,,2007,78.0,185.0,7/23/1985
51,CHI,jameson-curry,Oklahoma State,2007,75.0,190.0,1/7/1986
52,POR,taurean-green,Florida,2007,72.0,177.0,11/28/1986
53,POR,demetris-nichols,Syracuse,2007,80.0,216.0,9/4/1984
54,HOU,brad-newley,,2007,78.0,205.0,2/18/1985
55,UTA,herbert-hill,Providence,2007,,,
56,MIL,ramon-sessions,Nevada,2007,75.0,190.0,4/11/1986
57,DET,sammy-mejia,DePaul,2007,,,
58,SAS,georgios-printezis,,2007,81.0,240.0,2/22/1985
59,PHO,d.j.-strawberry,Maryland,2007,77.0,201.0,6/15/1985
60,DAL,milovan-rakovic,,2007,82.0,280.0,2/19/1985
1,CHI,derrick-rose,Memphis,2008,74.0,200.0,10/4/1988
2,MIA,michael-beasley,Kansas State,2008,81.0,235.0,1/9/1989
3,MIN,o.j.-mayo,USC,2008,77.0,210.0,11/5/1987
4,SEA,russell-westbrook,UCLA,2008,75.0,200.0,11/12/1988
5,MEM,kevin-love,UCLA,2008,80.0,251.0,9/7/1988
6,NYK,danilo-gallinari,,2008,82.0,233.0,8/8/1988
7,LAC,eric-gordon,Indiana,2008,75.0,215.0,12/25/1988
8,MIL,joe-alexander,West Virginia,2008,80.0,230.0,12/26/1986
9,CHA,d.j.-augustin,Texas,2008,71.0,183.0,11/10/1987
10,NJN,brook-lopez,Stanford,2008,84.0,282.0,4/1/1988
11,IND,jerryd-bayless,Arizona,2008,75.0,200.0,8/20/1988
12,SAC,jason-thompson,Rider University,2008,83.0,250.0,7/21/1986
13,POR,brandon-rush,Kansas,2008,78.0,220.0,7/7/1985
14,GSW,anthony-randolph,LSU,2008,82.0,205.0,7/15/1989
15,PHO,robin-lopez,Stanford,2008,84.0,281.0,4/1/1988
16,PHI,marreese-speights,Florida,2008,82.0,255.0,8/4/1987
17,TOR,roy-hibbert,Georgetown,2008,86.0,270.0,12/11/1986
18,WAS,javale-mcgee,Nevada,2008,84.0,270.0,1/19/1988
19,CLE,j.j.-hickson,NC State,2008,81.0,242.0,9/4/1988
20,CHA,alexis-ajinca,,2008,86.0,248.0,5/6/1988
21,NJN,ryan-anderson,California,2008,81.0,240.0,5/6/1988
22,ORL,courtney-lee,Western Kentucky,2008,77.0,215.0,10/3/1985
23,UTA,kosta-koufos,Ohio State,2008,84.0,245.0,2/24/1989
24,SEA,serge-ibaka,,2008,82.0,235.0,9/18/1989
25,HOU,nicolas-batum,,2008,80.0,230.0,12/14/1988
26,SAS,george-hill,IUPUI,2008,76.0,188.0,5/4/1986
27,NOH,darrell-arthur,Kansas,2008,81.0,235.0,3/25/1988
28,MEM,donte-greene,Syracuse,2008,83.0,226.0,2/21/1988
29,DET,d.j.-white,Indiana,2008,81.0,251.0,8/31/1986
30,BOS,j.r.-giddens,New Mexico,2008,77.0,215.0,2/13/1985
31,MIN,nikola-pekovic,,2008,83.0,307.0,1/3/1986
32,SEA,walter-sharpe,UAB,2008,81.0,245.0,7/18/1986
33,POR,joey-dorsey,Memphis,2008,80.0,268.0,12/16/1983
34,MIN,mario-chalmers,Kansas,2008,74.0,190.0,5/19/1986
35,LAC,deandre-jordan,Texas A&M,2008,83.0,265.0,7/21/1988
36,POR,omer-ask,,2008,84.0,255.0,7/4/1986
37,MIL,luc-mbah-a-moute,UCLA,2008,80.0,230.0,9/9/1986
38,CHA,kyle-weaver,Washington State,2008,78.0,201.0,2/18/1986
39,CHI,sonny-weems,Arkansas,2008,78.0,205.0,7/8/1986
40,NJN,chris-douglas-roberts,Memphis,2008,79.0,200.0,1/8/1987
41,IND,nathan-jawai,,2008,82.0,280.0,10/10/1986
42,SAC,sean-singletary,Virginia,2008,72.0,185.0,9/6/1985
43,SAC,patrick-ewing,Georgetown,2008,80.0,235.0,5/20/1984
44,UTA,ante-tomic,,2008,86.0,265.0,2/17/1987
45,SAS,goran-dragic,,2008,75.0,190.0,5/6/1986
46,SEA,trent-plaisted,Brigham Young University Hawaii,2008,,,
47,WAS,henry-walker,Kansas State,2008,78.0,220.0,10/9/1987
48,PHO,malik-hairston,Oregon,2008,78.0,220.0,2/23/1987
49,GSW,richard-hendrix,Alabama,2008,,,
50,SEA,devon-hardin,California,2008,83.0,250.0,8/7/1986
51,DAL,shan-foster,Vanderbilt,2008,,,
52,MIA,darnell-jackson,Kansas,2008,81.0,253.0,11/7/1985
53,UTA,tadija-dragicevic,,2008,81.0,222.0,1/28/1986
54,HOU,maarty-leunen,Oregon,2008,81.0,220.0,9/3/1985
55,POR,mike-taylor,Iowa State,2008,74.0,165.0,1/21/1986
56,SEA,sasha-kaun,Kansas,2008,83.0,260.0,5/8/1985
57,SAS,james-gist,Maryland,2008,,,
58,LAL,joe-crawford,Kentucky,2008,77.0,210.0,6/17/1986
59,DET,deron-washington,Virginia Tech,2008,,,
60,BOS,semih-erden,,2008,84.0,240.0,7/28/1986
1,LAC,blake-griffin,Oklahoma,2009,81.0,250.0,3/16/1989
2,MEM,hasheem-thabeet,UConn,2009,87.0,263.0,2/16/1987
3,OKC,james-harden,Arizona State,2009,77.0,220.0,8/26/1989
4,SAC,tyreke-evans,Memphis,2009,78.0,220.0,9/19/1989
5,MIN,ricky-rubio,,2009,75.0,190.0,10/21/1990
6,MIN,jonny-flynn,Syracuse,2009,72.0,185.0,2/6/1989
7,GSW,stephen-curry,Davidson,2009,75.0,185.0,3/14/1988
8,NYK,jordan-hill,Arizona,2009,82.0,235.0,7/27/1987
9,TOR,demar-derozan,USC,2009,78.0,220.0,8/7/1989
10,MIL,brandon-jennings,,2009,73.0,170.0,9/23/1989
11,NJN,terrence-williams,Louisville,2009,78.0,220.0,6/28/1987
12,CHA,gerald-henderson,Duke,2009,77.0,215.0,12/9/1987
13,IND,tyler-hansbrough,UNC,2009,81.0,250.0,11/3/1985
14,PHO,earl-clark,Louisville,2009,82.0,225.0,1/17/1988
15,DET,austin-daye,Gonzaga,2009,83.0,220.0,6/5/1988
16,CHI,james-johnson,Wake Forest,2009,79.0,240.0,2/20/1987
17,PHI,jrue-holiday,UCLA,2009,75.0,205.0,6/12/1990
18,MIN,ty-lawson,UNC,2009,71.0,195.0,11/3/1987
19,ATL,jeff-teague,Wake Forest,2009,75.0,195.0,6/10/1988
20,UTA,eric-maynor,VCU,2009,75.0,175.0,6/11/1987
21,NOH,darren-collison,UCLA,2009,72.0,175.0,8/23/1987
22,POR,victor-claver,,2009,81.0,224.0,8/30/1988
23,SAC,omri-casspi,,2009,81.0,225.0,6/22/1988
24,DAL,byron-mullens,Ohio State,2009,84.0,275.0,2/14/1989
25,OKC,rodrigue-beaubois,,2009,72.0,170.0,2/24/1988
26,CHI,taj-gibson,USC,2009,81.0,232.0,6/24/1985
27,MEM,demarre-carroll,Missouri,2009,78.0,215.0,7/27/1986
28,MIN,wayne-ellington,UNC,2009,76.0,207.0,11/29/1987
29,LAL,toney-douglas,Florida State,2009,74.0,195.0,3/16/1986
30,CLE,christian-eyenga,,2009,77.0,210.0,6/22/1989
31,SAC,jeff-ayres,Arizona State,2009,81.0,240.0,4/29/1987
32,WAS,jermaine-taylor,Central Florida,2009,76.0,210.0,12/8/1986
33,POR,dante-cunningham,Villanova,2009,80.0,230.0,4/22/1987
34,DEN,sergio-llull,,2009,75.0,190.0,11/15/1987
35,DET,dajuan-summers,Georgetown,2009,80.0,230.0,1/24/1988
36,MEM,sam-young,Pitt,2009,78.0,220.0,6/1/1985
37,SAS,dejuan-blair,Pitt,2009,79.0,270.0,4/22/1989
38,POR,jon-brockman,Washington,2009,79.0,255.0,3/20/1987
39,DET,jonas-jerebko,,2009,82.0,231.0,3/2/1987
40,CHA,derrick-brown,Xavier,2009,79.0,225.0,9/8/1987
41,MIL,jodie-meeks,Kentucky,2009,76.0,210.0,8/21/1987
42,LAL,patrick-beverley,Arkansas,2009,73.0,180.0,7/12/1988
43,MIA,marcus-thornton,LSU,2009,76.0,205.0,6/5/1987
44,DET,chase-budinger,Arizona,2009,79.0,209.0,5/22/1988
45,MIN,nick-calathes,Florida,2009,78.0,213.0,2/7/1989
46,CLE,danny-green,UNC,2009,78.0,215.0,6/22/1987
47,MIN,henk-norel,,2009,83.0,230.0,9/17/1987
48,PHO,taylor-griffin,Oklahoma,2009,79.0,238.0,4/18/1986
49,ATL,sergiy-gladyr,,2009,77.0,190.0,10/17/1989
50,UTA,goran-suton,Michigan State,2009,,,
51,SAS,jack-mcclinton,Miami (FL),2009,,,
52,IND,a.j.-price,UConn,2009,74.0,181.0,10/7/1986
53,SAS,nando-de-colo,,2009,77.0,200.0,6/23/1987
54,CHA,robert-vaden,UAB,2009,,,
55,POR,patty-mills,Saint Mary's,2009,73.0,180.0,8/11/1988
56,DAL,ahmad-nivins,Saint Joseph's,2009,,,
57,PHO,emir-preldzic,,2009,81.0,220.0,9/6/1987
58,BOS,lester-hudson,University of Tennessee at Martin,2009,75.0,190.0,8/7/1984
59,LAL,chinemelu-elonu,Texas A&M,2009,82.0,235.0,3/11/1987
60,MIA,robert-dozier,Memphis,2009,,,
1,WAS,john-wall,Kentucky,2010,75.0,210.0,9/6/1990
2,PHI,evan-turner,Ohio State,2010,78.0,220.0,10/27/1988
3,NJN,derrick-favors,Georgia Tech,2010,80.0,265.0,7/15/1991
4,MIN,wesley-johnson,Syracuse,2010,79.0,215.0,7/11/1987
5,SAC,demarcus-cousins,Kentucky,2010,82.0,270.0,8/13/1990
6,GSW,ekpe-udoh,Baylor,2010,82.0,245.0,5/20/1987
7,DET,greg-monroe,Georgetown,2010,83.0,265.0,6/4/1990
8,LAC,al-farouq-aminu,Wake Forest,2010,80.0,220.0,9/21/1990
9,UTA,gordon-hayward,Butler,2010,79.0,225.0,3/23/1990
10,IND,paul-george,Fresno State,2010,80.0,220.0,5/2/1990
11,NOH,cole-aldrich,Kansas,2010,83.0,250.0,10/31/1988
12,MEM,xavier-henry,Kansas,2010,78.0,220.0,3/15/1991
13,TOR,ed-davis,UNC,2010,81.0,218.0,6/5/1989
14,HOU,patrick-patterson,Kentucky,2010,80.0,235.0,3/14/1989
15,MIL,larry-sanders,VCU,2010,83.0,235.0,11/21/1988
16,MIN,luke-babbitt,Nevada,2010,81.0,225.0,6/20/1989
17,CHI,kevin-seraphin,,2010,81.0,285.0,12/7/1989
18,OKC,eric-bledsoe,Kentucky,2010,73.0,214.0,12/9/1989
19,BOS,avery-bradley,Texas,2010,75.0,180.0,11/26/1990
20,SAS,james-anderson,Oklahoma State,2010,78.0,213.0,3/25/1989
21,OKC,craig-brackins,Iowa State,2010,82.0,230.0,10/9/1987
22,POR,elliot-williams,Memphis,2010,77.0,190.0,6/20/1989
23,MIN,trevor-booker,Clemson,2010,80.0,228.0,11/25/1987
24,ATL,damion-james,Texas,2010,79.0,225.0,10/7/1987
25,MEM,dominique-jones,South Florida,2010,76.0,215.0,10/15/1988
26,OKC,quincy-pondexter,Washington,2010,79.0,230.0,3/10/1988
27,NJN,jordan-crawford,Xavier,2010,76.0,195.0,10/23/1988
28,MEM,greivis-vasquez,Maryland,2010,78.0,217.0,1/16/1987
29,ORL,daniel-orton,Kentucky,2010,82.0,255.0,8/6/1990
30,WAS,lazar-hayward,Marquette,2010,78.0,225.0,11/26/1986
31,NJN,tibor-plei,,2010,87.0,256.0,11/2/1989
32,MIA,dexter-pittman,Texas,2010,83.0,308.0,3/2/1988
33,SAC,hassan-whiteside,Marshall,2010,84.0,265.0,6/13/1989
34,POR,armon-johnson,Nevada,2010,75.0,195.0,2/23/1989
35,WAS,nemanja-bjelica,,2010,82.0,234.0,5/9/1988
36,DET,terrico-white,Ole Miss,2010,,,
37,MIL,darington-hobson,New Mexico,2010,79.0,210.0,9/29/1987
38,NYK,andy-rautins,Syracuse,2010,76.0,190.0,11/2/1986
39,NYK,landry-fields,Stanford,2010,79.0,210.0,6/27/1988
40,IND,lance-stephenson,Cincinnati,2010,78.0,230.0,9/5/1990
41,MIA,jarvis-varnado,Mississippi State,2010,81.0,230.0,3/1/1988
42,MIA,da'sean-butler,West Virginia,2010,,,
43,LAL,devin-ebanks,West Virginia,2010,81.0,215.0,10/28/1989
44,MIL,jerome-jordan,Tulsa,2010,84.0,253.0,9/29/1986
45,MIN,paulao-prestes,,2010,83.0,260.0,2/15/1988
46,PHO,gani-lawal,Georgia Tech,2010,81.0,234.0,11/7/1988
47,MIL,tiny-gallon,Oklahoma,2010,,,
48,MIA,latavious-williams,,2010,80.0,195.0,3/29/1989
49,SAS,ryan-richards,,2010,83.0,265.0,4/24/1991
50,DAL,solomon-alabi,Florida State,2010,85.0,251.0,3/21/1988
51,OKC,magnum-rolle,Louisiana Tech,2010,,,
52,BOS,luke-harangody,Notre Dame,2010,80.0,246.0,1/2/1988
53,ATL,pape-sy,,2010,79.0,225.0,4/5/1988
54,LAC,willie-warren,Oklahoma,2010,76.0,203.0,10/22/1989
55,UTA,jeremy-evans,Western Kentucky,2010,81.0,200.0,10/24/1987
56,MIN,hamady-n'diaye,Rutgers University,2010,84.0,235.0,1/12/1987
57,IND,ryan-reid,Florida State,2010,80.0,232.0,10/30/1986
58,LAL,derrick-caracter,Texas-El Paso,2010,81.0,275.0,5/4/1988
59,ORL,stanley-robinson,UConn,2010,,,
60,PHO,dwayne-collins,Miami (FL),2010,81.0,240.0,4/13/1988
1,CLE,kyrie-irving,Duke,2011,74.0,195.0,3/23/1992
2,MIN,derrick-williams,Arizona,2011,80.0,240.0,5/25/1991
3,UTA,enes-kanter,,2011,82.0,250.0,5/20/1992
4,CLE,tristan-thompson,Texas,2011,81.0,254.0,3/13/1991
5,TOR,jonas-valanciunas,,2011,83.0,265.0,5/6/1992
6,WAS,jan-vesely,,2011,83.0,240.0,4/24/1990
7,SAC,bismack-biyombo,,2011,80.0,255.0,8/28/1992
8,DET,brandon-knight,Kentucky,2011,74.0,182.0,12/2/1991
9,CHA,kemba-walker,UConn,2011,72.0,184.0,5/8/1990
10,MIL,jimmer-fredette,BYU,2011,74.0,195.0,2/25/1989
11,GSW,klay-thompson,Washington State,2011,78.0,215.0,2/8/1990
12,UTA,alec-burks,Colorado,2011,78.0,214.0,7/20/1991
13,PHO,markieff-morris,Kansas,2011,81.0,245.0,9/2/1989
14,HOU,marcus-morris,Kansas,2011,80.0,218.0,9/2/1989
15,IND,kawhi-leonard,San Diego State,2011,79.0,225.0,6/29/1991
16,PHI,nikola-vucevic,USC,2011,83.0,260.0,10/24/1990
17,NYK,iman-shumpert,Georgia Tech,2011,77.0,215.0,6/26/1990
18,WAS,chris-singleton,Florida State,2011,80.0,230.0,11/21/1989
19,CHA,tobias-harris,Tennessee,2011,80.0,226.0,7/15/1992
20,MIN,donatas-motiejunas,,2011,84.0,222.0,9/20/1990
21,POR,nolan-smith,Duke,2011,74.0,185.0,7/25/1988
22,DEN,kenneth-faried,Morehead State University,2011,80.0,220.0,11/19/1989
23,HOU,nikola-mirotic,,2011,82.0,250.0,2/11/1991
24,OKC,reggie-jackson,Boston College,2011,74.0,208.0,4/16/1990
25,BOS,marshon-brooks,Providence,2011,77.0,200.0,1/26/1989
26,DAL,jordan-hamilton,Texas,2011,79.0,220.0,10/6/1990
27,NJN,jajuan-johnson,Purdue,2011,82.0,221.0,2/8/1989
28,CHI,norris-cole,Cleveland State University,2011,74.0,175.0,10/13/1988
29,SAS,cory-joseph,Texas,2011,75.0,200.0,8/20/1991
30,CHI,jimmy-butler,Marquette,2011,79.0,230.0,9/14/1989
31,MIA,bojan-bogdanovic,,2011,80.0,226.0,4/18/1989
32,CLE,justin-harper,Richmond,2011,82.0,225.0,8/30/1989
33,DET,kyle-singler,Duke,2011,80.0,228.0,5/4/1988
34,WAS,shelvin-mack,Butler,2011,75.0,203.0,4/22/1990
35,SAC,tyler-honeycutt,UCLA,2011,80.0,188.0,7/15/1990
36,NJN,jordan-williams,Maryland,2011,82.0,260.0,10/11/1990
37,LAC,trey-thompkins,Georgia,2011,82.0,245.0,5/20/1990
38,HOU,chandler-parsons,Florida,2011,81.0,230.0,10/25/1988
39,CHA,jeremy-tyler,,2011,82.0,260.0,6/21/1991
40,MIL,jon-leuer,Wisconsin,2011,82.0,228.0,5/14/1989
41,LAL,darius-morris,Michigan,2011,76.0,190.0,1/3/1991
42,IND,davis-bertans,,2011,82.0,225.0,11/12/1992
43,CHI,malcolm-lee,UCLA,2011,77.0,200.0,5/22/1990
44,GSW,charles-jenkins,Hofstra,2011,75.0,220.0,2/28/1989
45,NOH,josh-harrellson,Kentucky,2011,82.0,275.0,2/12/1989
46,LAL,andrew-goudelock,College of Charleston,2011,75.0,200.0,12/7/1988
47,LAC,travis-leslie,Georgia,2011,76.0,205.0,3/29/1990
48,ATL,keith-benson,Oakland,2011,83.0,240.0,8/13/1988
49,MEM,josh-selby,Kansas,2011,74.0,183.0,3/27/1991
50,PHI,lavoy-allen,Temple,2011,81.0,260.0,2/4/1989
51,POR,jon-diebler,Ohio State,2011,78.0,205.0,6/22/1988
52,DET,vernon-macklin,Florida,2011,82.0,227.0,9/20/1986
53,ORL,deandre-liggins,Kentucky,2011,78.0,209.0,3/31/1988
54,CLE,milan-macvan,,2011,81.0,265.0,11/16/1989
55,BOS,e'twaun-moore,Purdue,2011,75.0,191.0,2/25/1989
56,LAL,chukwudiebere-maduabum,,2011,81.0,210.0,3/19/1991
57,DAL,targuy-ngombo,,2011,,,
58,LAL,ater-majok,,2011,82.0,233.0,7/4/1987
59,SAS,adam-hanga,,2011,79.0,205.0,4/12/1989
60,SAC,isaiah-thomas,Washington,2011,69.0,185.0,2/7/1989
1,NOH,anthony-davis,Kentucky,2012,82.0,253.0,3/11/1993
2,CHA,michael-kidd-gilchrist,Kentucky,2012,78.0,232.0,9/26/1993
3,WAS,bradley-beal,Florida,2012,75.0,207.0,6/28/1993
4,CLE,dion-waiters,Syracuse,2012,75.0,215.0,12/10/1991
5,SAC,thomas-robinson,Kansas,2012,82.0,237.0,3/17/1991
6,POR,damian-lillard,Weber State,2012,74.0,195.0,7/15/1990
7,GSW,harrison-barnes,UNC,2012,80.0,225.0,5/30/1992
8,TOR,terrence-ross,Washington,2012,78.0,206.0,2/5/1991
9,DET,andre-drummond,UConn,2012,82.0,279.0,8/10/1993
10,NOH,austin-rivers,Duke,2012,76.0,200.0,8/1/1992
11,POR,meyers-leonard,Illinois,2012,84.0,260.0,2/27/1992
12,HOU,jeremy-lamb,UConn,2012,77.0,180.0,5/30/1992
13,PHO,kendall-marshall,UNC,2012,76.0,200.0,8/19/1991
14,MIL,john-henson,UNC,2012,81.0,219.0,12/28/1990
15,PHI,maurice-harkless,St. John's,2012,79.0,220.0,5/11/1993
16,HOU,royce-white,Iowa State,2012,80.0,270.0,4/10/1991
17,DAL,tyler-zeller,UNC,2012,84.0,253.0,1/17/1990
18,HOU,terrence-jones,Kentucky,2012,81.0,252.0,1/9/1992
19,ORL,andrew-nicholson,St. Bonaventure,2012,81.0,250.0,12/8/1989
20,DEN,evan-fournier,,2012,79.0,205.0,10/29/1992
21,BOS,jared-sullinger,Ohio State,2012,81.0,260.0,3/4/1992
22,BOS,fab-melo,Syracuse,2012,84.0,255.0,6/20/1990
23,ATL,john-jenkins,Vanderbilt,2012,76.0,215.0,3/6/1991
24,CLE,jared-cunningham,Oregon State,2012,76.0,195.0,5/22/1991
25,MEM,tony-wroten,Washington,2012,78.0,205.0,4/13/1993
26,IND,miles-plumlee,Duke,2012,83.0,249.0,9/1/1988
27,MIA,arnett-moultrie,Mississippi State,2012,83.0,249.0,11/18/1990
28,OKC,perry-jones,Baylor,2012,83.0,235.0,9/24/1991
29,CHI,marquis-teague,Kentucky,2012,74.0,189.0,2/28/1993
30,GSW,festus-ezeli,Vanderbilt,2012,83.0,255.0,10/21/1989
31,CHA,jeff-taylor,Vanderbilt,2012,79.0,225.0,5/23/1989
32,WAS,tomas-satoransky,,2012,79.0,210.0,10/30/1991
33,CLE,bernard-james,Florida State,2012,82.0,240.0,2/7/1985
34,CLE,jae-crowder,Marquette,2012,78.0,235.0,7/6/1990
35,GSW,draymond-green,Michigan State,2012,78.0,230.0,3/4/1990
36,SAC,orlando-johnson,UC Santa Barbara,2012,77.0,220.0,3/11/1989
37,TOR,quincy-acy,Baylor,2012,79.0,240.0,10/6/1990
38,DEN,quincy-miller,Baylor,2012,81.0,210.0,11/18/1992
39,DET,khris-middleton,Texas A&M,2012,79.0,222.0,8/12/1991
40,POR,will-barton,Memphis,2012,78.0,181.0,1/6/1991
41,POR,tyshawn-taylor,Kansas,2012,75.0,185.0,4/12/1990
42,MIL,doron-lamb,Kentucky,2012,76.0,210.0,11/6/1991
43,ATL,mike-scott,Virginia,2012,79.0,237.0,7/16/1988
44,DET,kim-english,Missouri,2012,78.0,200.0,9/24/1988
45,PHI,justin-hamilton,LSU,2012,84.0,260.0,4/1/1990
46,NOH,darius-miller,Kentucky,2012,78.0,225.0,3/21/1990
47,UTA,kevin-murphy,Tennessee Technological University,2012,77.0,185.0,3/6/1990
48,NYK,kostas-papanikolaou,,2012,80.0,225.0,7/31/1990
49,ORL,kyle-o'quinn,Norfolk State,2012,81.0,250.0,3/26/1990
50,DEN,izzet-turkylmaz,,2012,84.0,210.0,5/20/1990
51,BOS,kris-joseph,Syracuse,2012,79.0,210.0,12/17/1988
52,GSW,ognjen-kuzmic,,2012,85.0,251.0,5/16/1990
53,LAC,furkan-aldemir,,2012,82.0,240.0,8/9/1991
54,PHI,tornike-shengelia,,2012,81.0,217.0,10/5/1991
55,DAL,darius-johnson-odom,Marquette,2012,74.0,215.0,9/28/1989
56,TOR,tomislav-zubcic,,2012,83.0,212.0,1/7/1990
57,NJN,ilkan-karaman,,2012,81.0,254.0,5/13/1990
58,MIN,robbie-hummel,Purdue,2012,80.0,215.0,3/8/1989
59,SAS,marcus-denmon,Missouri,2012,75.0,185.0,3/20/1990
60,LAL,robert-sacre,Gonzaga,2012,84.0,270.0,6/6/1989
1,CLE,anthony-bennett,UNLV,2013,80.0,245.0,3/14/1993
2,ORL,victor-oladipo,Indiana,2013,76.0,213.0,5/4/1992
3,WAS,otto-porter,Georgetown,2013,80.0,198.0,6/3/1993
4,CHA,cody-zeller,Indiana,2013,83.0,240.0,10/5/1992
5,PHO,alex-len,Maryland,2013,84.0,250.0,6/16/1993
6,NOH,nerlens-noel,Kentucky,2013,83.0,220.0,4/10/1994
7,SAC,ben-mclemore,Kansas,2013,75.0,195.0,2/11/1993
8,DET,kentavious-caldwell-pope,Georgia,2013,77.0,204.0,2/18/1993
9,MIN,trey-burke,Michigan,2013,72.0,185.0,11/12/1992
10,POR,cj-mccollum,Lehigh,2013,75.0,190.0,9/19/1991
11,PHI,michael-carter-williams,Syracuse,2013,77.0,190.0,10/10/1991
12,OKC,steven-adams,Pitt,2013,83.0,265.0,7/20/1993
13,DAL,kelly-olynyk,Gonzaga,2013,83.0,240.0,4/19/1991
14,UTA,shabazz-muhammad,UCLA,2013,78.0,223.0,11/13/1992
15,MIL,giannis-antetokounmpo,,2013,83.0,242.0,12/6/1994
16,BOS,lucas-nogueira,,2013,84.0,241.0,7/26/1992
17,ATL,dennis-schroder,,2013,75.0,172.0,9/15/1993
18,ATL,shane-larkin,Miami (FL),2013,71.0,175.0,10/2/1992
19,CLE,sergey-karasev,,2013,79.0,208.0,10/26/1993
20,CHI,tony-snell,New Mexico,2013,78.0,213.0,11/10/1991
21,UTA,gorgui-dieng,Louisville,2013,82.0,252.0,1/18/1990
22,BRK,mason-plumlee,Duke,2013,83.0,254.0,3/5/1990
23,IND,solomon-hill,Arizona,2013,78.0,226.0,3/18/1991
24,NYK,tim-hardaway-jr.,Michigan,2013,77.0,205.0,3/16/1992
25,LAC,reggie-bullock,UNC,2013,78.0,205.0,3/16/1991
26,MIN,andre-roberson,Colorado,2013,79.0,210.0,12/4/1991
27,DEN,rudy-gobert,,2013,84.0,258.0,6/26/1992
28,SAS,livio-jean-charles,,2013,81.0,230.0,11/8/1993
29,OKC,archie-goodwin,Kentucky,2013,77.0,200.0,8/17/1994
30,PHO,nemanja-nedovic,,2013,75.0,192.0,6/16/1991
31,CLE,allen-crabbe,California,2013,77.0,212.0,4/9/1992
32,OKC,alex-abrines,,2013,78.0,200.0,8/1/1993
33,CLE,carrick-felix,Arizona State,2013,78.0,201.0,8/17/1990
34,HOU,isaiah-canaan,Murray State,2013,72.0,201.0,5/21/1991
35,PHI,glen-rice-jr.,Georgia Tech,2013,78.0,206.0,1/1/1991
36,SAC,ray-mccallum,Detroit Mercy,2013,75.0,190.0,6/12/1991
37,DET,tony-mitchell,University of North Texas,2013,80.0,235.0,4/7/1992
38,WAS,nate-wolters,South Dakota State,2013,76.0,190.0,5/15/1991
39,POR,jeff-withey,Kansas,2013,84.0,231.0,3/7/1990
40,POR,grant-jerrett,Arizona,2013,82.0,235.0,7/8/1993
41,MEM,jamaal-franklin,San Diego State,2013,77.0,191.0,7/21/1991
42,PHI,pierre-jackson,Baylor,2013,70.0,180.0,8/29/1991
43,MIL,ricky-ledo,Providence,2013,79.0,195.0,9/10/1992
44,DAL,mike-muscala,Bucknell,2013,82.0,240.0,7/1/1991
45,POR,marko-todorovic,,2013,82.0,243.0,4/19/1992
46,UTA,erick-green,Virginia Tech,2013,76.0,185.0,5/9/1991
47,ATL,raul-neto,,2013,73.0,180.0,5/19/1992
48,LAL,ryan-kelly,Duke,2013,83.0,230.0,4/9/1991
49,CHI,erik-murphy,Florida,2013,82.0,230.0,10/26/1990
50,ATL,james-ennis,Cal State Long Beach,2013,78.0,215.0,7/1/1990
51,ORL,romero-osby,Oklahoma,2013,80.0,240.0,5/7/1990
52,MIN,lorenzo-brown,NC State,2013,77.0,189.0,8/26/1990
53,IND,colton-iverson,Colorado State,2013,84.0,255.0,6/29/1989
54,WAS,arsalan-kazemi,Oregon,2013,79.0,226.0,4/22/1990
55,MEM,joffrey-lauvergne,,2013,83.0,220.0,9/30/1991
56,DET,peyton-siva,Louisville,2013,72.0,185.0,10/24/1990
57,PHO,alex-oriakhi,Missouri,2013,81.0,255.0,6/21/1990
58,SAS,deshaun-thomas,Ohio State,2013,79.0,215.0,8/29/1991
59,MIN,bojan-dubljevic,,2013,81.0,235.0,10/24/1991
60,MEM,janis-timma,,2013,79.0,224.0,7/2/1992
1,CLE,andrew-wiggins,Kansas,2014,79.0,197.0,2/23/1995
2,MIL,jabari-parker,Duke,2014,80.0,245.0,3/15/1995
3,PHI,joel-embiid,Kansas,2014,84.0,280.0,3/16/1994
4,ORL,aaron-gordon,Arizona,2014,80.0,235.0,9/16/1995
5,UTA,dante-exum,,2014,77.0,214.0,7/13/1995
6,BOS,marcus-smart,Oklahoma State,2014,75.0,220.0,3/6/1994
7,LAL,julius-randle,Kentucky,2014,80.0,250.0,11/29/1994
8,SAC,nik-stauskas,Michigan,2014,78.0,205.0,10/7/1993
9,CHH,noah-vonleh,Indiana,2014,82.0,257.0,8/24/1995
10,PHI,elfrid-payton,Louisiana,2014,75.0,195.0,2/22/1994
11,DEN,doug-mcdermott,Creighton,2014,79.0,225.0,1/3/1992
12,ORL,dario-saric,,2014,82.0,225.0,4/8/1994
13,MIN,zach-lavine,UCLA,2014,77.0,200.0,3/10/1995
14,PHO,t.j.-warren,NC State,2014,80.0,220.0,9/5/1993
15,ATL,adreian-payne,Michigan State,2014,82.0,237.0,2/19/1991
16,CHI,jusuf-nurkic,,2014,83.0,290.0,8/23/1994
17,BOS,james-young,Kentucky,2014,78.0,215.0,8/16/1995
18,PHO,tyler-ennis,Syracuse,2014,75.0,194.0,8/24/1994
19,CHI,gary-harris,Michigan State,2014,76.0,210.0,9/14/1994
20,TOR,bruno-caboclo,,2014,81.0,218.0,9/21/1995
21,OKC,mitch-mcgary,Michigan,2014,82.0,255.0,6/6/1992
22,MEM,jordan-adams,UCLA,2014,77.0,209.0,7/8/1994
23,UTA,rodney-hood,Duke,2014,80.0,208.0,10/20/1992
24,CHH,shabazz-napier,UConn,2014,72.0,175.0,7/14/1991
25,HOU,clint-capela,,2014,82.0,240.0,5/18/1994
26,MIA,p.j.-hairston,UNC,2014,78.0,230.0,12/24/1992
27,PHO,bogdan-bogdanovic,,2014,78.0,220.0,8/18/1992
28,LAC,c.j.-wilcox,Washington,2014,77.0,195.0,12/30/1990
29,OKC,josh-huestis,Stanford,2014,79.0,230.0,12/19/1991
30,SAS,kyle-anderson,UCLA,2014,81.0,230.0,9/20/1993
31,MIL,damien-inglis,,2014,80.0,246.0,5/20/1995
32,PHI,k.j.-mcdaniels,Clemson,2014,78.0,205.0,2/9/1993
33,CLE,joe-harris,Virginia,2014,78.0,220.0,9/6/1991
34,NYK,cleanthony-early,Wichita State,2014,80.0,210.0,4/17/1991
35,UTA,jarnell-stokes,Tennessee,2014,81.0,263.0,1/7/1994
36,MIL,johnny-o'bryant,LSU,2014,81.0,257.0,6/1/1993
37,TOR,deandre-daniels,UConn,2014,81.0,195.0,4/15/1992
38,DET,spencer-dinwiddie,Colorado,2014,77.0,215.0,4/6/1993
39,PHI,jerami-grant,Syracuse,2014,80.0,210.0,3/12/1994
40,MIN,glenn-robinson-iii,Michigan,2014,78.0,222.0,1/8/1994
41,DEN,nikola-jokic,,2014,83.0,284.0,2/19/1995
42,HOU,nick-johnson,Arizona,2014,75.0,202.0,12/22/1992
43,ATL,edy-tavares,,2014,87.0,260.0,3/22/1992
44,MIN,markel-brown,Oklahoma State,2014,75.0,190.0,1/29/1992
45,CHH,dwight-powell,Stanford,2014,82.0,240.0,7/20/1991
46,WAS,jordan-clarkson,Missouri,2014,76.0,194.0,6/7/1992
47,PHI,russ-smith,Louisville,2014,72.0,165.0,4/19/1991
48,MIL,lamar-patterson,Pitt,2014,77.0,225.0,8/12/1991
49,CHI,cameron-bairstow,New Mexico,2014,81.0,250.0,12/7/1990
50,PHO,alec-brown,Green Bay,2014,85.0,235.0,7/23/1992
51,NYK,thanasis-antetokounmpo,,2014,78.0,219.0,7/18/1992
52,PHI,vasilije-micic,,2014,77.0,200.0,1/13/1994
53,MIN,alessandro-gentile,,2014,79.0,230.0,11/12/1992
54,PHI,nemanja-dangubic,,2014,80.0,193.0,4/13/1993
55,MIA,semaj-christon,Xavier,2014,75.0,190.0,11/1/1992
56,DEN,devyn-marble,Iowa,2014,78.0,200.0,9/21/1992
57,IND,louis-labeyrie,,2014,82.0,200.0,2/11/1992
58,SAS,jordan-mcrae,Tennessee,2014,77.0,179.0,3/28/1991
59,TOR,xavier-thames,San Diego State,2014,75.0,195.0,1/19/1991
60,SAS,cory-jefferson,Baylor,2014,81.0,218.0,12/26/1990
1,MIN,karl-anthony-towns,Kentucky,2015,83.0,248.0,11/15/1995
2,LAL,d'angelo-russell,Ohio State,2015,76.0,193.0,2/23/1996
3,PHI,jahlil-okafor,Duke,2015,82.0,270.0,12/15/1995
4,NYK,kristaps-porzingis,,2015,87.0,240.0,8/2/1995
5,ORL,mario-hezonja,,2015,80.0,220.0,2/25/1995
6,SAC,willie-cauley-stein,Kentucky,2015,84.0,240.0,8/18/1993
7,DEN,emmanuel-mudiay,,2015,75.0,200.0,3/5/1996
8,DET,stanley-johnson,Arizona,2015,78.0,242.0,5/29/1996
9,CHO,frank-kaminsky,Wisconsin,2015,84.0,240.0,4/4/1993
10,MIA,justise-winslow,Duke,2015,78.0,222.0,3/26/1996
11,IND,myles-turner,Texas,2015,83.0,250.0,3/24/1996
12,UTA,trey-lyles,Kentucky,2015,81.0,234.0,11/5/1995
13,PHO,devin-booker,Kentucky,2015,77.0,206.0,10/30/1996
14,OKC,cameron-payne,Murray State,2015,73.0,183.0,8/8/1994
15,ATL,kelly-oubre-jr.,Kansas,2015,79.0,203.0,12/9/1995
16,BOS,terry-rozier,Louisville,2015,73.0,190.0,3/17/1994
17,MIL,rashad-vaughn,UNLV,2015,78.0,202.0,8/16/1996
18,HOU,sam-dekker,Wisconsin,2015,81.0,230.0,5/6/1994
19,WAS,jerian-grant,Notre Dame,2015,76.0,205.0,10/9/1992
20,TOR,delon-wright,Utah,2015,77.0,185.0,4/26/1992
21,DAL,justin-anderson,Virginia,2015,78.0,230.0,11/19/1993
22,CHI,bobby-portis,Arkansas,2015,82.0,250.0,2/10/1995
23,POR,rondae-hollis-jefferson,Arizona,2015,78.0,217.0,1/3/1995
24,CLE,tyus-jones,Duke,2015,72.0,196.0,5/10/1996
25,MEM,jarell-martin,LSU,2015,82.0,239.0,5/24/1994
26,SAS,nikola-milutinov,,2015,83.0,235.0,12/30/1994
27,LAL,larry-nance-jr.,Wyoming,2015,79.0,245.0,1/1/1993
28,BOS,r.j.-hunter,Georgia State University,2015,77.0,185.0,10/24/1993
29,BRK,chris-mccullough,Syracuse,2015,83.0,200.0,2/5/1995
30,GSW,kevon-looney,UCLA,2015,81.0,222.0,2/6/1996
31,MIN,cedi-osman,,2015,79.0,230.0,4/8/1995
32,HOU,montrezl-harrell,Louisville,2015,79.0,240.0,1/26/1994
33,BOS,jordan-mickey,LSU,2015,80.0,235.0,7/9/1994
34,LAL,anthony-brown,Stanford,2015,79.0,210.0,10/10/1992
35,PHI,willy-hernangomez,,2015,83.0,250.0,5/27/1994
36,MIN,rakeem-christmas,Syracuse,2015,81.0,250.0,12/1/1991
37,PHI,richaun-holmes,Bowling Green,2015,82.0,235.0,10/15/1993
38,DET,darrun-hilliard,Villanova,2015,78.0,205.0,4/13/1993
39,CHO,juan-pablo-vaulet,,2015,78.0,200.0,3/22/1996
40,MIA,josh-richardson,Tennessee,2015,77.0,200.0,9/15/1993
41,BRK,pat-connaughton,Notre Dame,2015,77.0,209.0,1/6/1993
42,UTA,olivier-hanlan,Boston College,2015,76.0,190.0,2/15/1993
43,IND,joe-young,Oregon,2015,74.0,180.0,6/27/1992
44,PHO,andrew-harrison,Kentucky,2015,78.0,213.0,10/28/1994
45,BOS,marcus-thornton,William & Mary,2015,76.0,190.0,2/9/1993
46,MIL,norman-powell,UCLA,2015,75.0,215.0,5/25/1993
47,PHI,arturas-gudaitis,,2015,82.0,254.0,6/19/1993
48,OKC,dakari-johnson,Kentucky,2015,84.0,255.0,9/22/1995
49,WAS,aaron-white,Iowa,2015,81.0,210.0,9/10/1992
50,ATL,marcus-eriksson,,2015,79.0,178.0,12/5/1993
51,ORL,tyler-harvey,Eastern Washington,2015,76.0,185.0,7/17/1993
52,DAL,satnam-singh,,2015,86.0,290.0,12/10/1995
53,CLE,sir'dominic-pointer,St. John's,2015,78.0,192.0,5/6/1992
54,UTA,dani-diez,,2015,79.0,212.0,4/7/1993
55,SAS,cady-lalanne,UMass,2015,82.0,253.0,4/22/1992
56,NOP,branden-dawson,Michigan State,2015,78.0,225.0,2/1/1993
57,DEN,nikola-radicevic,,2015,78.0,200.0,4/25/1994
58,PHI,j.p.-tokoto,UNC,2015,78.0,200.0,9/15/1993
59,ATL,dimitrios-agravanis,,2015,82.0,235.0,12/20/1994
60,PHI,luka-mitrovic,,2015,81.0,230.0,3/21/1993
1,PHI,ben-simmons,LSU,2016,83.0,240.0,7/20/1996
2,LAL,brandon-ingram,Duke,2016,80.0,190.0,9/2/1997
3,BOS,jaylen-brown,California,2016,78.0,223.0,10/24/1996
4,PHO,dragan-bender,,2016,84.0,225.0,11/17/1997
5,MIN,kris-dunn,Providence,2016,75.0,205.0,3/18/1994
6,NOP,buddy-hield,Oklahoma,2016,76.0,220.0,12/17/1992
7,DEN,jamal-murray,Kentucky,2016,75.0,215.0,2/23/1997
8,SAC,marquese-chriss,Washington,2016,81.0,240.0,7/2/1997
9,TOR,jakob-poeltl,Utah,2016,85.0,245.0,10/15/1995
10,MIL,thon-maker,,2016,84.0,221.0,2/25/1997
11,ORL,domantas-sabonis,Gonzaga,2016,83.0,240.0,5/3/1996
12,UTA,taurean-prince,Baylor,2016,79.0,218.0,3/22/1994
13,PHO,georgios-papagiannis,,2016,85.0,240.0,7/3/1997
14,CHI,denzel-valentine,Michigan State,2016,76.0,220.0,11/16/1993
15,DEN,juan-hernangomez,,2016,81.0,214.0,9/28/1995
16,BOS,guerschon-yabusele,,2016,80.0,260.0,12/17/1995
17,MEM,wade-baldwin,Vanderbilt,2016,76.0,200.0,3/29/1996
18,DET,henry-ellenson,Marquette,2016,82.0,240.0,1/13/1997
19,DEN,malik-beasley,Florida State,2016,76.0,187.0,11/26/1996
20,IND,caris-levert,Michigan,2016,78.0,205.0,8/25/1994
21,ATL,deandre'-bembry,Saint Joseph's,2016,77.0,210.0,7/4/1994
22,CHO,malachi-richardson,Syracuse,2016,78.0,205.0,1/5/1996
23,BOS,ante-zizic,,2016,82.0,266.0,1/4/1997
24,PHI,timothe-luwawu-cabarrot,,2016,79.0,220.0,5/9/1995
25,LAC,brice-johnson,UNC,2016,82.0,230.0,6/27/1994
26,PHI,furkan-korkmaz,,2016,79.0,202.0,7/24/1997
27,TOR,pascal-siakam,New Mexico State,2016,81.0,230.0,4/2/1994
28,PHO,skal-labissiere,Kentucky,2016,82.0,235.0,3/18/1996
29,SAS,dejounte-murray,Washington,2016,76.0,180.0,9/19/1996
30,GSW,damian-jones,Vanderbilt,2016,83.0,245.0,6/30/1995
31,BOS,deyonta-davis,Michigan State,2016,83.0,237.0,12/2/1996
32,LAL,ivica-zubac,,2016,84.0,240.0,3/18/1997
33,LAC,cheick-diallo,Kansas,2016,80.0,219.0,9/13/1996
34,PHO,tyler-ulis,Kentucky,2016,70.0,160.0,1/5/1996
35,BOS,rade-zagorac,,2016,81.0,202.0,8/12/1995
36,MIL,malcolm-brogdon,Virginia,2016,77.0,229.0,12/11/1992
37,HOU,chinanu-onuaku,Louisville,2016,82.0,245.0,11/1/1996
38,MIL,patrick-mccaw,UNLV,2016,79.0,181.0,10/25/1995
39,NOP,david-michineau,,2016,76.0,180.0,6/6/1994
40,NOP,diamond-stone,Maryland,2016,83.0,255.0,2/10/1997
41,ORL,stephen-zimmerman,UNLV,2016,84.0,240.0,9/9/1996
42,UTA,isaiah-whitehead,Seton Hall,2016,76.0,213.0,3/8/1995
43,HOU,zhou-qi,,2016,85.0,210.0,1/16/1996
44,ATL,isaia-cordinier,,2016,76.0,180.0,11/28/1996
45,BOS,demetrius-jackson,Notre Dame,2016,73.0,201.0,9/7/1994
46,DAL,a.j.-hammons,Purdue,2016,84.0,260.0,8/27/1992
47,ORL,jake-layman,Maryland,2016,80.0,209.0,3/7/1994
48,CHI,paul-zipser,,2016,80.0,215.0,2/18/1994
49,DET,michael-gbinije,Syracuse,2016,79.0,200.0,6/5/1992
50,IND,georges-niang,Iowa State,2016,79.0,230.0,6/17/1993
51,BOS,ben-bentil,Providence,2016,81.0,235.0,3/29/1995
52,UTA,joel-bolomboy,Weber State,2016,81.0,235.0,1/28/1994
53,DEN,petr-cornelie,,2016,83.0,220.0,7/26/1995
54,ATL,kay-felder,Oakland,2016,69.0,176.0,3/29/1995
55,BRK,marcus-paige,UNC,2016,73.0,175.0,9/11/1993
56,DEN,daniel-hamilton,UConn,2016,79.0,195.0,8/8/1995
57,MEM,wang-zhelin,,2016,84.0,220.0,1/20/1994
58,BOS,abdel-nader,Iowa State,2016,77.0,225.0,9/25/1993
59,SAC,isaiah-cousins,Oklahoma,2016,77.0,191.0,3/13/1994
60,UTA,tyrone-wallace,California,2016,77.0,198.0,6/10/1994
1,PHI,markelle-fultz,Washington,2017,75.0,209.0,5/29/1998
2,LAL,lonzo-ball,UCLA,2017,78.0,190.0,10/27/1997
3,BOS,jayson-tatum,Duke,2017,80.0,210.0,3/3/1998
4,PHO,josh-jackson,Kansas,2017,80.0,207.0,2/10/1997
5,SAC,de'aaron-fox,Kentucky,2017,75.0,185.0,12/20/1997
6,ORL,jonathan-isaac,Florida State,2017,83.0,230.0,10/3/1997
7,MIN,lauri-markkanen,Arizona,2017,84.0,240.0,5/22/1997
8,NYK,frank-ntilikina,,2017,76.0,200.0,7/28/1998
9,DAL,dennis-smith-jr.,NC State,2017,74.0,205.0,11/25/1997
10,SAC,zach-collins,Gonzaga,2017,83.0,250.0,11/19/1997
11,CHO,malik-monk,Kentucky,2017,75.0,200.0,2/4/1998
12,DET,luke-kennard,Duke,2017,77.0,206.0,6/24/1996
13,DEN,donovan-mitchell,Louisville,2017,72.0,215.0,9/7/1996
14,MIA,bam-adebayo,Kentucky,2017,81.0,255.0,7/18/1997
15,POR,justin-jackson,UNC,2017,80.0,220.0,3/28/1995
16,CHI,justin-patton,Creighton,2017,83.0,241.0,6/14/1997
17,MIL,d.j.-wilson,Michigan,2017,82.0,231.0,2/19/1996
18,IND,t.j.-leaf,UCLA,2017,82.0,222.0,4/30/1997
19,ATL,john-collins,Wake Forest,2017,81.0,235.0,9/23/1997
20,POR,harry-giles,Duke,2017,83.0,240.0,4/22/1998
21,OKC,terrance-ferguson,,2017,78.0,190.0,5/17/1998
22,BRK,jarrett-allen,Texas,2017,83.0,243.0,4/21/1998
23,TOR,og-anunoby,Indiana,2017,79.0,232.0,7/17/1997
24,UTA,tyler-lydon,Syracuse,2017,82.0,225.0,4/9/1996
25,ORL,anzejs-pasecniks,,2017,85.0,229.0,12/20/1995
26,POR,caleb-swanigan,Purdue,2017,81.0,260.0,4/18/1997
27,BRK,kyle-kuzma,Utah,2017,82.0,221.0,7/24/1995
28,LAL,tony-bradley,UNC,2017,82.0,248.0,1/8/1998
29,SAS,derrick-white,Colorado,2017,76.0,190.0,7/2/1994
30,UTA,josh-hart,Villanova,2017,77.0,215.0,3/6/1995
31,CHO,frank-jackson,Duke,2017,75.0,205.0,5/4/1998
32,PHO,davon-reed,Miami (FL),2017,77.0,208.0,6/11/1995
33,ORL,wesley-iwundu,Kansas State,2017,78.0,195.0,12/20/1994
34,SAC,frank-mason-iii,Kansas,2017,71.0,190.0,4/3/1994
35,ORL,ivan-rabb,California,2017,82.0,220.0,2/4/1997
36,PHI,jonah-bolden,,2017,80.0,220.0,1/2/1996
37,BOS,semi-ojeleye,SMU,2017,78.0,240.0,12/5/1994
38,CHI,jordan-bell,Oregon,2017,80.0,216.0,1/7/1995
39,PHI,jawun-evans,Oklahoma State,2017,72.0,185.0,7/26/1996
40,NOP,dwayne-bacon,Florida State,2017,78.0,221.0,8/30/1995
41,ATL,tyler-dorsey,Oregon,2017,77.0,183.0,2/18/1996
42,UTA,thomas-bryant,Indiana,2017,82.0,248.0,7/31/1997
43,HOU,isaiah-hartenstein,,2017,84.0,250.0,5/5/1998
44,NYK,damyean-dotson,Oregon,2017,77.0,210.0,5/6/1994
45,HOU,dillon-brooks,Oregon,2017,79.0,225.0,1/22/1996
46,PHI,sterling-brown,SMU,2017,77.0,219.0,2/10/1995
47,IND,ike-anigbogu,UCLA,2017,82.0,250.0,10/17/1998
48,MIL,sindarius-thornwell,South Carolina,2017,76.0,215.0,11/15/1994
49,DEN,vlatko-cancar,,2017,80.0,236.0,4/10/1997
50,PHI,mathias-lessort,,2017,81.0,240.0,9/29/1995
51,DEN,monte-morris,Iowa State,2017,74.0,183.0,6/27/1995
52,NOP,edmond-sumner,Xavier,2017,76.0,196.0,12/31/1995
53,BOS,kadeem-allen,Arizona,2017,73.0,200.0,1/15/1993
54,PHO,alec-peters,Valparaiso,2017,81.0,232.0,4/13/1995
55,UTA,nigel-williams-goss,Gonzaga,2017,74.0,190.0,9/16/1994
56,BOS,jabari-bird,California,2017,78.0,198.0,7/3/1994
57,BRK,sasha-vezenkov,,2017,81.0,225.0,8/6/1995
58,NYK,ognjen-jaramaz,,2017,76.0,194.0,9/1/1995
59,SAS,jaron-blossomgame,Clemson,2017,80.0,220.0,9/16/1993
60,ATL,alpha-kaba,,2017,82.0,242.0,1/29/1996
1,PHO,deandre-ayton,Arizona,2018,83.0,250.0,7/23/1998
2,SAC,marvin-bagley-iii,Duke,2018,83.0,235.0,3/14/1999
3,ATL,luka-doncic,,2018,79.0,230.0,2/28/1999
4,MEM,jaren-jackson-jr.,Michigan State,2018,83.0,242.0,9/15/1999
5,DAL,trae-young,Oklahoma,2018,73.0,180.0,9/19/1998
6,ORL,mo-bamba,Texas,2018,84.0,231.0,5/12/1998
7,CHI,wendell-carter-jr.,Duke,2018,82.0,270.0,4/16/1999
8,CLE,collin-sexton,Alabama,2018,73.0,190.0,1/4/1999
9,NYK,kevin-knox,Kentucky,2018,79.0,215.0,8/11/1999
10,PHI,mikal-bridges,Villanova,2018,78.0,209.0,8/30/1996
11,CHO,shai-gilgeous-alexander,Kentucky,2018,78.0,180.0,7/12/1998
12,LAC,miles-bridges,Michigan State,2018,78.0,225.0,3/21/1998
13,LAC,jerome-robinson,Boston College,2018,76.0,190.0,2/22/1997
14,DEN,michael-porter-jr.,Missouri,2018,82.0,218.0,6/29/1998
15,WAS,troy-brown-jr.,Oregon,2018,78.0,215.0,7/28/1999
16,PHO,zhaire-smith,Texas Tech,2018,75.0,205.0,6/4/1999
17,MIL,donte-divincenzo,Villanova,2018,76.0,203.0,1/31/1997
18,SAS,lonnie-walker,Miami (FL),2018,76.0,204.0,12/14/1998
19,ATL,kevin-huerter,Maryland,2018,79.0,190.0,8/27/1998
20,MIN,josh-okogie,Georgia Tech,2018,76.0,213.0,9/1/1998
21,UTA,grayson-allen,Duke,2018,76.0,198.0,10/8/1995
22,CHI,chandler-hutchison,Boise State,2018,78.0,210.0,4/26/1996
23,IND,aaron-holiday,UCLA,2018,72.0,185.0,9/30/1996
24,POR,anfernee-simons,,2018,75.0,181.0,6/8/1999
25,LAL,moritz-wagner,Michigan,2018,83.0,245.0,4/26/1997
26,PHI,landry-shamet,Wichita State,2018,76.0,190.0,3/13/1997
27,BOS,robert-williams,Texas A&M,2018,80.0,237.0,10/17/1997
28,GSW,jacob-evans,Cincinnati,2018,76.0,210.0,6/18/1997
29,BRK,dzanan-musa,,2018,81.0,217.0,5/8/1999
30,ATL,omari-spellman,Villanova,2018,80.0,245.0,7/21/1997
31,PHO,elie-okobo,,2018,75.0,190.0,10/23/1997
32,MEM,jevon-carter,West Virginia,2018,73.0,200.0,9/14/1995
33,DAL,jalen-brunson,Villanova,2018,73.0,190.0,8/31/1996
34,ATL,devonte'-graham,Kansas,2018,73.0,195.0,2/22/1995
35,ORL,melvin-frazier,Tulane,2018,77.0,215.0,8/30/1996
36,NYK,mitchell-robinson,,2018,84.0,240.0,4/1/1998
37,SAC,gary-trent-jr.,Duke,2018,77.0,209.0,1/18/1999
38,PHI,khyri-thomas,Creighton,2018,75.0,210.0,5/8/1996
39,PHI,isaac-bonga,,2018,80.0,180.0,11/8/1999
40,BRK,rodions-kurucs,,2018,81.0,228.0,2/5/1998
41,ORL,jarred-vanderbilt,Kentucky,2018,81.0,214.0,4/3/1999
42,DET,bruce-brown,Miami (FL),2018,76.0,202.0,8/15/1996
43,DEN,justin-jackson,Maryland,2018,79.0,225.0,2/18/1997
44,WAS,issuf-sanon,,2018,76.0,172.0,10/30/1999
45,BRK,hamidou-diallo,Kentucky,2018,77.0,202.0,7/31/1998
46,HOU,de'anthony-melton,USC,2018,74.0,200.0,5/28/1998
47,LAL,sviatoslav-mykhailiuk,Kansas,2018,79.0,205.0,6/10/1997
48,MIN,keita-bates-diop,Ohio State,2018,80.0,229.0,1/23/1996
49,SAS,chimezie-metu,USC,2018,81.0,225.0,3/22/1997
50,IND,alize-johnson,Missouri State,2018,79.0,212.0,4/22/1996
51,NOP,tony-carr,Penn State,2018,77.0,204.0,10/11/1997
52,UTA,vince-edwards,Purdue,2018,80.0,225.0,4/5/1996
53,OKC,devon-hall,Virginia,2018,74.0,215.0,7/7/1995
54,DAL,shake-milton,SMU,2018,77.0,205.0,9/26/1996
55,CHO,arnoldas-kulboka,,2018,81.0,198.0,1/4/1998
56,PHI,ray-spalding,Louisville,2018,82.0,215.0,3/11/1997
57,OKC,kevin-hervey,UT Arlington,2018,81.0,230.0,7/9/1996
58,DEN,thomas-welsh,UCLA,2018,84.0,255.0,2/3/1996
59,PHO,george-king,Colorado,2018,78.0,225.0,1/15/1994
60,PHI,kostas-antetokounmpo,Dayton,2018,82.0,200.0,11/20/1997
1,NOP,zion-williamson,Duke,2019,79.0,284.0,7/6/2000
2,MEM,ja-morant,Murray State,2019,75.0,174.0,8/10/1999
3,NYK,rj-barrett,Duke,2019,78.0,214.0,6/14/2000
4,LAL,de'andre-hunter,Virginia,2019,80.0,225.0,12/2/1997
5,CLE,darius-garland,Vanderbilt,2019,73.0,192.0,1/26/2000
6,PHO,jarrett-culver,Texas Tech,2019,78.0,195.0,2/20/1999
7,CHI,coby-white,UNC,2019,77.0,195.0,2/16/2000
8,ATL,jaxson-hayes,Texas,2019,83.0,220.0,5/23/2000
9,WAS,rui-hachimura,Gonzaga,2019,80.0,230.0,2/8/1998
10,ATL,cam-reddish,Duke,2019,80.0,218.0,9/1/1999
11,MIN,cameron-johnson,UNC,2019,80.0,210.0,3/3/1996
12,CHO,p.j.-washington,Kentucky,2019,79.0,230.0,8/23/1998
13,MIA,tyler-herro,Kentucky,2019,77.0,195.0,1/20/2000
14,BOS,romeo-langford,Indiana,2019,76.0,216.0,10/25/1999
15,DET,sekou-doumbouya,,2019,80.0,230.0,12/23/2000
16,ORL,chuma-okeke,Auburn,2019,78.0,229.0,8/18/1998
17,BRK,nickeil-alexander-walker,Virginia Tech,2019,78.0,205.0,9/2/1998
18,IND,goga-bitadze,,2019,83.0,250.0,7/20/1999
19,SAS,luka-samanic,,2019,82.0,227.0,1/9/2000
20,BOS,matisse-thybulle,Washington,2019,77.0,200.0,3/4/1997
21,OKC,brandon-clarke,Gonzaga,2019,80.0,215.0,9/19/1996
22,BOS,grant-williams,Tennessee,2019,78.0,236.0,11/30/1998
23,UTA,darius-bazley,,2019,80.0,208.0,6/12/2000
24,PHI,ty-jerome,Virginia,2019,77.0,195.0,7/8/1997
25,POR,nassir-little,UNC,2019,77.0,220.0,2/11/2000
26,CLE,dylan-windler,Belmont,2019,78.0,196.0,9/22/1996
27,BRK,mfiondu-kabengele,Florida State,2019,81.0,250.0,8/14/1997
28,GSW,jordan-poole,Michigan,2019,76.0,194.0,6/19/1999
29,SAS,keldon-johnson,Kentucky,2019,77.0,220.0,10/11/1999
30,MIL,kevin-porter-jr.,USC,2019,76.0,203.0,5/4/2000
31,BRK,nicolas-claxton,Georgia,2019,83.0,215.0,4/17/1999
32,PHO,kz-okpala,Stanford,2019,80.0,215.0,4/28/1999
33,PHI,carsen-edwards,Purdue,2019,71.0,200.0,3/12/1998
34,PHI,bruno-fernando,Maryland,2019,81.0,240.0,8/15/1998
35,ATL,didi-louzada,,2019,77.0,188.0,2/7/1999
36,CHO,cody-martin,Nevada,2019,77.0,205.0,9/28/1995
37,DAL,deividas-sirvydis,,2019,80.0,190.0,6/10/2000
38,CHI,daniel-gafford,Arkansas,2019,82.0,234.0,10/1/1998
39,NOP,alen-smailagic,,2019,82.0,215.0,8/18/2000
40,SAC,justin-james,Wyoming,2019,79.0,190.0,1/24/1997
41,GSW,eric-paschall,Villanova,2019,78.0,255.0,11/4/1996
42,PHI,admiral-schofield,Tennessee,2019,77.0,241.0,3/30/1997
43,MIN,jaylen-nowell,Washington,2019,76.0,201.0,7/9/1999
44,MIA,bol-bol,Oregon,2019,86.0,220.0,11/16/1999
45,DET,isaiah-roby,Nebraska,2019,80.0,230.0,2/3/1998
46,ORL,talen-horton-tucker,Iowa State,2019,76.0,234.0,11/25/2000
47,SAC,ignas-brazdeikis,Michigan,2019,78.0,221.0,1/8/1999
48,LAC,terance-mann,Florida State,2019,77.0,215.0,10/18/1996
49,SAS,quinndary-weatherspoon,Mississippi State,2019,75.0,205.0,9/10/1996
50,IND,jarrell-brantley,College of Charleston,2019,77.0,250.0,6/7/1996
51,BOS,tremont-waters,LSU,2019,70.0,175.0,1/10/1998
52,CHO,jalen-mcdaniels,San Diego State,2019,81.0,205.0,1/31/1998
53,UTA,justin-wright-foreman,Hofstra,2019,72.0,190.0,10/27/1997
54,PHI,marial-shayok,Iowa State,2019,77.0,198.0,7/26/1995
55,NYK,kyle-guy,Virginia,2019,73.0,167.0,8/11/1997
56,LAC,jaylen-hands,UCLA,2019,75.0,180.0,2/12/1999
57,NOP,jordan-bone,Tennessee,2019,74.0,180.0,11/5/1997
58,GSW,miye-oni,Yale,2019,77.0,206.0,8/4/1997
59,TOR,dewan-hernandez,Miami (FL),2019,82.0,235.0,12/9/1996
60,SAC,vanja-marinkovic,,2019,78.0,200.0,1/9/1997
1,MIN,anthony-edwards,Georgia,2020,76.0,225.0,8/5/2001
2,GSW,james-wiseman,Memphis,2020,84.0,240.0,3/31/2001
3,CHO,lamelo-ball,,2020,78.0,180.0,8/22/2001
4,CHI,patrick-williams,Florida State,2020,79.0,215.0,8/26/2001
5,CLE,isaac-okoro,Auburn,2020,77.0,225.0,1/26/2001
6,ATL,onyeka-okongwu,USC,2020,80.0,235.0,12/11/2000
7,DET,killian-hayes,,2020,77.0,195.0,7/27/2001
8,NYK,obi-toppin,Dayton,2020,81.0,220.0,3/4/1998
9,WAS,deni-avdija,,2020,81.0,210.0,1/3/2001
10,PHO,jalen-smith,Maryland,2020,82.0,215.0,3/16/2000
11,SAS,devin-vassell,Florida State,2020,77.0,200.0,8/23/2000
12,SAC,tyrese-haliburton,Iowa State,2020,77.0,185.0,2/29/2000
13,NOP,kira-lewis-jr.,Alabama,2020,73.0,170.0,4/6/2001
14,BOS,aaron-nesmith,Vanderbilt,2020,77.0,215.0,10/16/1999
15,ORL,cole-anthony,UNC,2020,74.0,185.0,5/15/2000
16,POR,isaiah-stewart,Washington,2020,80.0,250.0,5/22/2001
17,MIN,aleksej-pokusevski,,2020,84.0,190.0,12/26/2001
18,DAL,josh-green,Arizona,2020,77.0,200.0,11/16/2000
19,BRK,saddiq-bey,Villanova,2020,79.0,215.0,4/9/1999
20,MIA,precious-achiuwa,Memphis,2020,80.0,225.0,9/19/1999
21,PHI,tyrese-maxey,Kentucky,2020,74.0,200.0,11/4/2000
22,DEN,zeke-nnaji,Arizona,2020,81.0,240.0,1/9/2001
23,NYK,leandro-bolmaro,,2020,78.0,200.0,9/11/2000
24,MIL,r.j.-hampton,,2020,76.0,175.0,2/7/2001
25,OKC,immanuel-quickley,Kentucky,2020,75.0,190.0,6/17/1999
26,BOS,payton-pritchard,Oregon,2020,73.0,195.0,1/28/1998
27,UTA,udoka-azubuike,Kansas,2020,80.0,280.0,9/17/1999
28,LAL,jaden-mcdaniels,Washington,2020,81.0,185.0,9/29/2000
29,TOR,malachi-flynn,San Diego State,2020,73.0,175.0,5/10/1998
30,BOS,desmond-bane,TCU,2020,77.0,215.0,6/25/1998
31,DAL,tyrell-terry,Stanford,2020,74.0,160.0,9/28/2000
32,CHO,vernon-carey-jr.,Duke,2020,81.0,270.0,2/25/2001
33,MIN,daniel-oturu,Minnesota,2020,80.0,240.0,9/20/1999
34,PHI,theo-maledon,,2020,76.0,175.0,6/12/2001
35,SAC,xavier-tillman-sr.,Michigan State,2020,80.0,245.0,1/12/1999
36,PHI,tyler-bey,Colorado,2020,79.0,215.0,2/10/1998
37,WAS,vit-krejci,,2020,80.0,195.0,6/19/2000
38,UTA,saben-lee,Vanderbilt,2020,74.0,183.0,6/23/1999
39,NOP,elijah-hughes,Syracuse,2020,78.0,215.0,3/10/1998
40,MEM,robert-woodard,Mississippi State,2020,78.0,235.0,9/22/1999
41,SAS,tre-jones,Duke,2020,73.0,185.0,1/8/2000
42,NOP,nick-richards,Kentucky,2020,84.0,245.0,11/29/1997
43,SAC,jahmi'us-ramsey,Texas Tech,2020,75.0,190.0,6/9/2001
44,CHI,marko-simonovic,,2020,83.0,216.0,10/15/1999
45,MIL,jordan-nwora,Louisville,2020,80.0,225.0,9/9/1998
46,POR,cj-elleby,Washington State,2020,78.0,200.0,6/16/2000
47,BOS,yam-madar,,2020,75.0,190.0,12/21/2000
48,GSW,nico-mannion,Arizona,2020,74.0,190.0,3/14/2001
49,PHI,isaiah-joe,Arkansas,2020,76.0,165.0,7/2/1999
50,ATL,skylar-mays,LSU,2020,76.0,205.0,9/5/1997
51,GSW,justinian-jessup,Boise State,2020,79.0,202.0,5/23/1998
52,SAC,kenyon-martin-jr.,,2020,78.0,215.0,1/6/2001
53,OKC,cassius-winston,Michigan State,2020,73.0,185.0,2/28/1998
54,IND,cassius-stanley,Duke,2020,77.0,190.0,8/18/1999
55,BRK,jay-scrubb,John A. Logan College,2020,77.0,220.0,9/1/2000
56,CHO,grant-riller,College of Charleston,2020,74.0,190.0,2/8/1997
57,LAC,reggie-perry,Mississippi State,2020,80.0,250.0,3/21/2000
58,PHI,paul-reed,DePaul,2020,81.0,210.0,6/14/1999
59,TOR,jalen-harris,Nevada,2020,77.0,195.0,8/14/1998
60,NOP,sam-merrill,Utah State University,2020,76.0,205.0,5/15/1996
